"","YEAR","NREC","NCRN","RECON","X20LP","CRSQ","VRSQ","RE","CE","ACT","X20LP.1"
"1",530,4,1,0.794,0.188,0.322,0.314,0.26,0.234,-99.999,-99.999
"2",531,4,1,0.401,-0.01,0.322,0.314,0.26,0.234,-99.999,-99.999
"3",532,4,1,2.099,-0.202,0.322,0.314,0.26,0.234,-99.999,-99.999
"4",533,4,1,-1.773,-0.375,0.322,0.314,0.26,0.234,-99.999,-99.999
"5",534,4,1,-2.807,-0.501,0.322,0.314,0.26,0.234,-99.999,-99.999
"6",535,4,1,-1.859,-0.565,0.322,0.314,0.26,0.234,-99.999,-99.999
"7",536,4,1,-1.322,-0.567,0.322,0.314,0.26,0.234,-99.999,-99.999
"8",537,4,1,-0.643,-0.524,0.322,0.314,0.26,0.234,-99.999,-99.999
"9",538,4,1,0.711,-0.458,0.322,0.314,0.26,0.234,-99.999,-99.999
"10",539,4,1,0.389,-0.393,0.322,0.314,0.26,0.234,-99.999,-99.999
"11",540,4,1,-1.271,-0.341,0.322,0.314,0.26,0.234,-99.999,-99.999
"12",541,4,1,0.237,-0.311,0.322,0.314,0.26,0.234,-99.999,-99.999
"13",542,4,1,-0.007,-0.317,0.322,0.314,0.26,0.234,-99.999,-99.999
"14",543,4,1,1.249,-0.368,0.322,0.314,0.26,0.234,-99.999,-99.999
"15",544,4,1,2.158,-0.469,0.322,0.314,0.26,0.234,-99.999,-99.999
"16",545,4,1,-1.655,-0.608,0.322,0.314,0.26,0.234,-99.999,-99.999
"17",546,4,1,-2.873,-0.758,0.322,0.314,0.26,0.234,-99.999,-99.999
"18",547,4,1,-0.133,-0.894,0.322,0.314,0.26,0.234,-99.999,-99.999
"19",548,4,1,-0.207,-1.009,0.322,0.314,0.26,0.234,-99.999,-99.999
"20",549,4,1,-3.624,-1.091,0.322,0.314,0.26,0.234,-99.999,-99.999
"21",550,4,1,-1.885,-1.126,0.322,0.314,0.26,0.234,-99.999,-99.999
"22",551,4,1,-0.37,-1.116,0.322,0.314,0.26,0.234,-99.999,-99.999
"23",552,4,1,-1.124,-1.073,0.322,0.314,0.26,0.234,-99.999,-99.999
"24",553,4,1,-2.603,-1.003,0.322,0.314,0.26,0.234,-99.999,-99.999
"25",554,4,1,-0.767,-0.914,0.322,0.314,0.26,0.234,-99.999,-99.999
"26",555,4,1,0.063,-0.826,0.322,0.314,0.26,0.234,-99.999,-99.999
"27",556,4,1,-0.282,-0.758,0.322,0.314,0.26,0.234,-99.999,-99.999
"28",557,4,1,0.904,-0.721,0.322,0.314,0.26,0.234,-99.999,-99.999
"29",558,4,1,1.56,-0.721,0.322,0.314,0.26,0.234,-99.999,-99.999
"30",559,4,1,-2.061,-0.748,0.322,0.314,0.26,0.234,-99.999,-99.999
"31",560,4,1,-2.123,-0.776,0.322,0.314,0.26,0.234,-99.999,-99.999
"32",561,4,1,0.01,-0.788,0.322,0.314,0.26,0.234,-99.999,-99.999
"33",562,4,1,-1.851,-0.775,0.322,0.314,0.26,0.234,-99.999,-99.999
"34",563,4,1,-3.207,-0.726,0.322,0.314,0.26,0.234,-99.999,-99.999
"35",564,4,1,0.535,-0.641,0.322,0.314,0.26,0.234,-99.999,-99.999
"36",565,4,1,0.064,-0.537,0.322,0.314,0.26,0.234,-99.999,-99.999
"37",566,4,1,-0.777,-0.425,0.322,0.314,0.26,0.234,-99.999,-99.999
"38",567,4,1,-0.04,-0.309,0.322,0.314,0.26,0.234,-99.999,-99.999
"39",568,4,1,-1.584,-0.198,0.322,0.314,0.26,0.234,-99.999,-99.999
"40",569,4,1,0.192,-0.098,0.322,0.314,0.26,0.234,-99.999,-99.999
"41",570,4,1,0.545,-0.027,0.322,0.314,0.26,0.234,-99.999,-99.999
"42",571,4,1,1.415,0.001,0.322,0.314,0.26,0.234,-99.999,-99.999
"43",572,4,1,0.324,-0.023,0.322,0.314,0.26,0.234,-99.999,-99.999
"44",573,4,1,3.069,-0.097,0.322,0.314,0.26,0.234,-99.999,-99.999
"45",574,4,1,-0.073,-0.21,0.322,0.314,0.26,0.234,-99.999,-99.999
"46",575,4,1,-2.716,-0.33,0.322,0.314,0.26,0.234,-99.999,-99.999
"47",576,4,1,-0.434,-0.42,0.322,0.314,0.26,0.234,-99.999,-99.999
"48",577,4,1,-2.53,-0.462,0.322,0.314,0.26,0.234,-99.999,-99.999
"49",578,4,1,-1.857,-0.444,0.322,0.314,0.26,0.234,-99.999,-99.999
"50",579,4,1,-1.85,-0.367,0.322,0.314,0.26,0.234,-99.999,-99.999
"51",580,4,1,-0.154,-0.252,0.322,0.314,0.26,0.234,-99.999,-99.999
"52",581,4,1,2.765,-0.128,0.322,0.314,0.26,0.234,-99.999,-99.999
"53",582,4,1,0.391,-0.022,0.322,0.314,0.26,0.234,-99.999,-99.999
"54",583,4,1,-0.072,0.058,0.322,0.314,0.26,0.234,-99.999,-99.999
"55",584,4,1,2.015,0.111,0.322,0.314,0.26,0.234,-99.999,-99.999
"56",585,4,1,-0.658,0.141,0.322,0.314,0.26,0.234,-99.999,-99.999
"57",586,4,1,-0.922,0.161,0.322,0.314,0.26,0.234,-99.999,-99.999
"58",587,4,1,2.17,0.18,0.322,0.314,0.26,0.234,-99.999,-99.999
"59",588,4,1,-1.658,0.203,0.322,0.314,0.26,0.234,-99.999,-99.999
"60",589,4,1,-2.529,0.242,0.322,0.314,0.26,0.234,-99.999,-99.999
"61",590,4,1,1.102,0.296,0.322,0.314,0.26,0.234,-99.999,-99.999
"62",591,4,1,0.511,0.345,0.322,0.314,0.26,0.234,-99.999,-99.999
"63",592,4,1,1.454,0.369,0.322,0.314,0.26,0.234,-99.999,-99.999
"64",593,4,1,2.371,0.354,0.322,0.314,0.26,0.234,-99.999,-99.999
"65",594,4,1,0.306,0.293,0.322,0.314,0.26,0.234,-99.999,-99.999
"66",595,4,1,0.68,0.199,0.322,0.314,0.26,0.234,-99.999,-99.999
"67",596,4,1,-2.534,0.084,0.322,0.314,0.26,0.234,-99.999,-99.999
"68",597,4,1,1.769,-0.038,0.322,0.314,0.26,0.234,-99.999,-99.999
"69",598,4,1,0.581,-0.168,0.322,0.314,0.26,0.234,-99.999,-99.999
"70",599,4,1,-1.721,-0.295,0.322,0.314,0.26,0.234,-99.999,-99.999
"71",600,4,1,-0.17,-0.407,0.322,0.314,0.26,0.234,-99.999,-99.999
"72",601,4,1,-1.077,-0.498,0.322,0.314,0.26,0.234,-99.999,-99.999
"73",602,4,1,-0.774,-0.561,0.322,0.314,0.26,0.234,-99.999,-99.999
"74",603,4,1,-0.206,-0.597,0.322,0.314,0.26,0.234,-99.999,-99.999
"75",604,4,1,-2.171,-0.606,0.322,0.314,0.26,0.234,-99.999,-99.999
"76",605,4,1,0.768,-0.589,0.322,0.314,0.26,0.234,-99.999,-99.999
"77",606,4,1,0.31,-0.555,0.322,0.314,0.26,0.234,-99.999,-99.999
"78",607,4,1,-2.842,-0.503,0.322,0.314,0.26,0.234,-99.999,-99.999
"79",608,4,1,0.223,-0.432,0.322,0.314,0.26,0.234,-99.999,-99.999
"80",609,4,1,-1.582,-0.349,0.322,0.314,0.26,0.234,-99.999,-99.999
"81",610,4,1,-0.021,-0.267,0.322,0.314,0.26,0.234,-99.999,-99.999
"82",611,4,1,2.915,-0.202,0.322,0.314,0.26,0.234,-99.999,-99.999
"83",612,4,1,0.065,-0.168,0.322,0.314,0.26,0.234,-99.999,-99.999
"84",613,4,1,-1.819,-0.156,0.322,0.314,0.26,0.234,-99.999,-99.999
"85",614,4,1,1.483,-0.154,0.322,0.314,0.26,0.234,-99.999,-99.999
"86",615,4,1,-1.945,-0.158,0.322,0.314,0.26,0.234,-99.999,-99.999
"87",616,4,1,-1.118,-0.159,0.322,0.314,0.26,0.234,-99.999,-99.999
"88",617,4,1,0.783,-0.157,0.322,0.314,0.26,0.234,-99.999,-99.999
"89",618,4,1,0.174,-0.161,0.322,0.314,0.26,0.234,-99.999,-99.999
"90",619,4,1,1.258,-0.176,0.322,0.314,0.26,0.234,-99.999,-99.999
"91",620,4,1,0.16,-0.198,0.322,0.314,0.26,0.234,-99.999,-99.999
"92",621,4,1,-2.402,-0.215,0.322,0.314,0.26,0.234,-99.999,-99.999
"93",622,4,1,-0.078,-0.213,0.322,0.314,0.26,0.234,-99.999,-99.999
"94",623,4,1,-0.487,-0.191,0.322,0.314,0.26,0.234,-99.999,-99.999
"95",624,4,1,-2.052,-0.153,0.322,0.314,0.26,0.234,-99.999,-99.999
"96",625,4,1,1.753,-0.105,0.322,0.314,0.26,0.234,-99.999,-99.999
"97",626,4,1,0.283,-0.065,0.322,0.314,0.26,0.234,-99.999,-99.999
"98",627,4,1,-0.362,-0.041,0.322,0.314,0.26,0.234,-99.999,-99.999
"99",628,4,1,1.571,-0.036,0.322,0.314,0.26,0.234,-99.999,-99.999
"100",629,4,1,0.318,-0.05,0.322,0.314,0.26,0.234,-99.999,-99.999
"101",630,4,1,0.171,-0.077,0.322,0.314,0.26,0.234,-99.999,-99.999
"102",631,4,1,-0.626,-0.101,0.322,0.314,0.26,0.234,-99.999,-99.999
"103",632,4,1,-2.558,-0.107,0.322,0.314,0.26,0.234,-99.999,-99.999
"104",633,4,1,-2.151,-0.087,0.322,0.314,0.26,0.234,-99.999,-99.999
"105",634,4,1,1.429,-0.053,0.322,0.314,0.26,0.234,-99.999,-99.999
"106",635,4,1,2.672,-0.031,0.322,0.314,0.26,0.234,-99.999,-99.999
"107",636,4,1,2.328,-0.037,0.322,0.314,0.26,0.234,-99.999,-99.999
"108",637,4,1,-0.574,-0.063,0.322,0.314,0.26,0.234,-99.999,-99.999
"109",638,4,1,-2.771,-0.083,0.322,0.314,0.26,0.234,-99.999,-99.999
"110",639,4,1,-2.554,-0.074,0.322,0.314,0.26,0.234,-99.999,-99.999
"111",640,4,1,0.646,-0.035,0.322,0.314,0.26,0.234,-99.999,-99.999
"112",641,4,1,0.287,0.015,0.322,0.314,0.26,0.234,-99.999,-99.999
"113",642,4,1,2.036,0.058,0.322,0.314,0.26,0.234,-99.999,-99.999
"114",643,4,1,0.649,0.082,0.322,0.314,0.26,0.234,-99.999,-99.999
"115",644,4,1,-1.104,0.089,0.322,0.314,0.26,0.234,-99.999,-99.999
"116",645,4,1,-1.527,0.088,0.322,0.314,0.26,0.234,-99.999,-99.999
"117",646,4,1,0.778,0.074,0.322,0.314,0.26,0.234,-99.999,-99.999
"118",647,4,1,1.33,0.036,0.322,0.314,0.26,0.234,-99.999,-99.999
"119",648,4,1,2.569,-0.037,0.322,0.314,0.26,0.234,-99.999,-99.999
"120",649,4,1,-1.35,-0.14,0.322,0.314,0.26,0.234,-99.999,-99.999
"121",650,4,1,-1.748,-0.251,0.322,0.314,0.26,0.234,-99.999,-99.999
"122",651,4,1,0.845,-0.355,0.322,0.314,0.26,0.234,-99.999,-99.999
"123",652,4,1,-0.477,-0.447,0.322,0.314,0.26,0.234,-99.999,-99.999
"124",653,4,1,-2.679,-0.516,0.322,0.314,0.26,0.234,-99.999,-99.999
"125",654,4,1,-1.274,-0.552,0.322,0.314,0.26,0.234,-99.999,-99.999
"126",655,4,1,0.353,-0.561,0.322,0.314,0.26,0.234,-99.999,-99.999
"127",656,4,1,-0.281,-0.557,0.322,0.314,0.26,0.234,-99.999,-99.999
"128",657,4,1,-1,-0.546,0.322,0.314,0.26,0.234,-99.999,-99.999
"129",658,4,1,1.003,-0.534,0.322,0.314,0.26,0.234,-99.999,-99.999
"130",659,4,1,-1.32,-0.526,0.322,0.314,0.26,0.234,-99.999,-99.999
"131",660,4,1,1.285,-0.518,0.322,0.314,0.26,0.234,-99.999,-99.999
"132",661,4,1,-1.735,-0.509,0.322,0.314,0.26,0.234,-99.999,-99.999
"133",662,4,1,-2.175,-0.485,0.322,0.314,0.26,0.234,-99.999,-99.999
"134",663,4,1,-0.006,-0.444,0.322,0.314,0.26,0.234,-99.999,-99.999
"135",664,4,1,0.002,-0.394,0.322,0.314,0.26,0.234,-99.999,-99.999
"136",665,4,1,-0.103,-0.341,0.322,0.314,0.26,0.234,-99.999,-99.999
"137",666,4,1,-1.505,-0.291,0.322,0.314,0.26,0.234,-99.999,-99.999
"138",667,4,1,0.374,-0.247,0.322,0.314,0.26,0.234,-99.999,-99.999
"139",668,4,1,1.57,-0.219,0.322,0.314,0.26,0.234,-99.999,-99.999
"140",669,4,1,0.379,-0.213,0.322,0.314,0.26,0.234,-99.999,-99.999
"141",670,4,1,-0.256,-0.221,0.322,0.314,0.26,0.234,-99.999,-99.999
"142",671,4,1,-1.971,-0.226,0.322,0.314,0.26,0.234,-99.999,-99.999
"143",672,4,1,-1.257,-0.217,0.322,0.314,0.26,0.234,-99.999,-99.999
"144",673,4,1,0.01,-0.194,0.322,0.314,0.26,0.234,-99.999,-99.999
"145",674,4,1,1.607,-0.165,0.322,0.314,0.26,0.234,-99.999,-99.999
"146",675,4,1,1.567,-0.139,0.322,0.314,0.26,0.234,-99.999,-99.999
"147",676,4,1,-1.402,-0.107,0.322,0.314,0.26,0.234,-99.999,-99.999
"148",677,4,1,-2.897,-0.05,0.322,0.314,0.26,0.234,-99.999,-99.999
"149",678,4,1,-0.475,0.042,0.322,0.314,0.26,0.234,-99.999,-99.999
"150",679,4,1,-1.231,0.156,0.322,0.314,0.26,0.234,-99.999,-99.999
"151",680,4,1,1.904,0.27,0.322,0.314,0.26,0.234,-99.999,-99.999
"152",681,4,1,2.946,0.355,0.322,0.314,0.26,0.234,-99.999,-99.999
"153",682,4,1,2.234,0.393,0.322,0.314,0.26,0.234,-99.999,-99.999
"154",683,4,1,-1.894,0.39,0.322,0.314,0.26,0.234,-99.999,-99.999
"155",684,4,1,1.171,0.363,0.322,0.314,0.26,0.234,-99.999,-99.999
"156",685,4,1,-0.177,0.321,0.322,0.314,0.26,0.234,-99.999,-99.999
"157",686,4,1,-1.326,0.271,0.322,0.314,0.26,0.234,-99.999,-99.999
"158",687,4,1,1.092,0.216,0.322,0.314,0.26,0.234,-99.999,-99.999
"159",688,4,1,0.317,0.151,0.322,0.314,0.26,0.234,-99.999,-99.999
"160",689,4,1,-0.594,0.073,0.322,0.314,0.26,0.234,-99.999,-99.999
"161",690,4,1,0.47,-0.019,0.322,0.314,0.26,0.234,-99.999,-99.999
"162",691,4,1,2.03,-0.131,0.322,0.314,0.26,0.234,-99.999,-99.999
"163",692,4,1,0.427,-0.261,0.322,0.314,0.26,0.234,-99.999,-99.999
"164",693,4,1,-3.77,-0.393,0.322,0.314,0.26,0.234,-99.999,-99.999
"165",694,4,1,0.221,-0.506,0.322,0.314,0.26,0.234,-99.999,-99.999
"166",695,4,1,0.317,-0.602,0.322,0.314,0.26,0.234,-99.999,-99.999
"167",696,4,1,-2.311,-0.68,0.322,0.314,0.26,0.234,-99.999,-99.999
"168",697,4,1,1.182,-0.734,0.322,0.314,0.26,0.234,-99.999,-99.999
"169",698,4,1,-1.002,-0.767,0.322,0.314,0.26,0.234,-99.999,-99.999
"170",699,4,1,-2.545,-0.768,0.322,0.314,0.26,0.234,-99.999,-99.999
"171",700,4,1,-1.183,-0.732,0.322,0.314,0.26,0.234,-99.999,-99.999
"172",701,4,1,-0.99,-0.663,0.322,0.314,0.26,0.234,-99.999,-99.999
"173",702,4,1,-1.287,-0.575,0.322,0.314,0.26,0.234,-99.999,-99.999
"174",703,4,1,-0.172,-0.482,0.322,0.314,0.26,0.234,-99.999,-99.999
"175",704,4,1,0.98,-0.405,0.322,0.314,0.26,0.234,-99.999,-99.999
"176",705,4,1,1.29,-0.361,0.322,0.314,0.26,0.234,-99.999,-99.999
"177",706,4,1,0.96,-0.356,0.322,0.314,0.26,0.234,-99.999,-99.999
"178",707,4,1,-1.147,-0.381,0.322,0.314,0.26,0.234,-99.999,-99.999
"179",708,4,1,-3.456,-0.414,0.322,0.314,0.26,0.234,-99.999,-99.999
"180",709,4,1,0.824,-0.444,0.322,0.314,0.26,0.234,-99.999,-99.999
"181",710,4,1,2.165,-0.479,0.322,0.314,0.26,0.234,-99.999,-99.999
"182",711,4,1,-1.368,-0.517,0.322,0.314,0.26,0.234,-99.999,-99.999
"183",712,4,1,-2.052,-0.539,0.322,0.314,0.26,0.234,-99.999,-99.999
"184",713,4,1,-0.085,-0.532,0.322,0.314,0.26,0.234,-99.999,-99.999
"185",714,4,1,-2.182,-0.49,0.322,0.314,0.26,0.234,-99.999,-99.999
"186",715,4,1,-0.812,-0.412,0.322,0.314,0.26,0.234,-99.999,-99.999
"187",716,4,1,-0.051,-0.306,0.322,0.314,0.26,0.234,-99.999,-99.999
"188",717,4,1,0.529,-0.186,0.322,0.314,0.26,0.234,-99.999,-99.999
"189",718,4,1,-0.542,-0.063,0.322,0.314,0.26,0.234,-99.999,-99.999
"190",719,4,1,0.339,0.054,0.322,0.314,0.26,0.234,-99.999,-99.999
"191",720,4,1,-0.576,0.158,0.322,0.314,0.26,0.234,-99.999,-99.999
"192",721,4,1,2.332,0.238,0.322,0.314,0.26,0.234,-99.999,-99.999
"193",722,4,1,0.32,0.286,0.322,0.314,0.26,0.234,-99.999,-99.999
"194",723,4,1,-1.699,0.305,0.322,0.314,0.26,0.234,-99.999,-99.999
"195",724,4,1,-0.143,0.296,0.322,0.314,0.26,0.234,-99.999,-99.999
"196",725,4,1,2.445,0.249,0.322,0.314,0.26,0.234,-99.999,-99.999
"197",726,4,1,3.374,0.152,0.322,0.314,0.26,0.234,-99.999,-99.999
"198",727,4,1,-0.893,0.009,0.322,0.314,0.26,0.234,-99.999,-99.999
"199",728,4,1,-2.606,-0.151,0.322,0.314,0.26,0.234,-99.999,-99.999
"200",729,4,1,-0.595,-0.304,0.322,0.314,0.26,0.234,-99.999,-99.999
"201",730,4,1,-0.677,-0.443,0.322,0.314,0.26,0.234,-99.999,-99.999
"202",731,4,1,0.37,-0.57,0.322,0.314,0.26,0.234,-99.999,-99.999
"203",732,4,1,-1.374,-0.683,0.322,0.314,0.26,0.234,-99.999,-99.999
"204",733,4,1,-1.864,-0.781,0.322,0.314,0.26,0.234,-99.999,-99.999
"205",734,4,1,0.819,-0.863,0.322,0.314,0.26,0.234,-99.999,-99.999
"206",735,4,1,-1.578,-0.935,0.322,0.314,0.26,0.234,-99.999,-99.999
"207",736,4,1,-0.861,-0.996,0.322,0.314,0.26,0.234,-99.999,-99.999
"208",737,4,1,0.205,-1.045,0.322,0.314,0.26,0.234,-99.999,-99.999
"209",738,4,1,-0.746,-1.079,0.322,0.314,0.26,0.234,-99.999,-99.999
"210",739,4,1,-3.287,-1.087,0.322,0.314,0.26,0.234,-99.999,-99.999
"211",740,4,1,-1.391,-1.056,0.322,0.314,0.26,0.234,-99.999,-99.999
"212",741,4,1,-2.123,-0.99,0.322,0.314,0.26,0.234,-99.999,-99.999
"213",742,4,1,0.583,-0.897,0.322,0.314,0.26,0.234,-99.999,-99.999
"214",743,4,1,-0.494,-0.793,0.322,0.314,0.26,0.234,-99.999,-99.999
"215",744,4,1,-0.371,-0.685,0.322,0.314,0.26,0.234,-99.999,-99.999
"216",745,4,1,-0.787,-0.575,0.322,0.314,0.26,0.234,-99.999,-99.999
"217",746,4,1,-1.802,-0.464,0.322,0.314,0.26,0.234,-99.999,-99.999
"218",747,4,1,-0.605,-0.354,0.322,0.314,0.26,0.234,-99.999,-99.999
"219",748,4,1,0.457,-0.257,0.322,0.314,0.26,0.234,-99.999,-99.999
"220",749,4,1,0.616,-0.19,0.322,0.314,0.26,0.234,-99.999,-99.999
"221",750,4,1,-0.611,-0.161,0.322,0.314,0.26,0.234,-99.999,-99.999
"222",751,4,1,4.328,-0.175,0.322,0.314,0.26,0.234,-99.999,-99.999
"223",752,4,1,-0.234,-0.23,0.322,0.314,0.26,0.234,-99.999,-99.999
"224",753,4,1,-4.157,-0.294,0.322,0.314,0.26,0.234,-99.999,-99.999
"225",754,4,1,-2.177,-0.339,0.322,0.314,0.26,0.234,-99.999,-99.999
"226",755,4,1,0.606,-0.359,0.322,0.314,0.26,0.234,-99.999,-99.999
"227",756,4,1,-1.412,-0.368,0.322,0.314,0.26,0.234,-99.999,-99.999
"228",757,4,1,0.172,-0.379,0.322,0.314,0.26,0.234,-99.999,-99.999
"229",758,4,1,0.444,-0.408,0.322,0.314,0.26,0.234,-99.999,-99.999
"230",759,4,1,2.345,-0.466,0.322,0.314,0.26,0.234,-99.999,-99.999
"231",760,4,1,0.62,-0.558,0.322,0.314,0.26,0.234,-99.999,-99.999
"232",761,4,1,-2.664,-0.661,0.322,0.314,0.26,0.234,-99.999,-99.999
"233",762,4,1,-1.727,-0.749,0.322,0.314,0.26,0.234,-99.999,-99.999
"234",763,4,1,-1.466,-0.805,0.322,0.314,0.26,0.234,-99.999,-99.999
"235",764,4,1,-1.43,-0.825,0.322,0.314,0.26,0.234,-99.999,-99.999
"236",765,4,1,0.212,-0.808,0.322,0.314,0.26,0.234,-99.999,-99.999
"237",766,4,1,-1.418,-0.761,0.322,0.314,0.26,0.234,-99.999,-99.999
"238",767,4,1,-1.67,-0.685,0.322,0.314,0.26,0.234,-99.999,-99.999
"239",768,4,1,-1.381,-0.582,0.322,0.314,0.26,0.234,-99.999,-99.999
"240",769,4,1,0.084,-0.468,0.322,0.314,0.26,0.234,-99.999,-99.999
"241",770,4,1,-0.094,-0.361,0.322,0.314,0.26,0.234,-99.999,-99.999
"242",771,4,1,1.515,-0.277,0.322,0.314,0.26,0.234,-99.999,-99.999
"243",772,4,1,0.863,-0.229,0.322,0.314,0.26,0.234,-99.999,-99.999
"244",773,4,1,-1.866,-0.212,0.322,0.314,0.26,0.234,-99.999,-99.999
"245",774,4,1,-0.026,-0.217,0.322,0.314,0.26,0.234,-99.999,-99.999
"246",775,4,1,1.871,-0.242,0.322,0.314,0.26,0.234,-99.999,-99.999
"247",776,4,1,-1.933,-0.284,0.322,0.314,0.26,0.234,-99.999,-99.999
"248",777,4,1,-2.565,-0.327,0.322,0.314,0.26,0.234,-99.999,-99.999
"249",778,4,1,1.338,-0.369,0.322,0.314,0.26,0.234,-99.999,-99.999
"250",779,4,1,0.294,-0.419,0.322,0.314,0.26,0.234,-99.999,-99.999
"251",780,4,1,1.542,-0.48,0.322,0.314,0.26,0.234,-99.999,-99.999
"252",781,4,1,-1.951,-0.542,0.322,0.314,0.26,0.234,-99.999,-99.999
"253",782,4,1,-1.427,-0.585,0.322,0.314,0.26,0.234,-99.999,-99.999
"254",783,4,1,-2.286,-0.596,0.322,0.314,0.26,0.234,-99.999,-99.999
"255",784,4,1,-1.948,-0.57,0.322,0.314,0.26,0.234,-99.999,-99.999
"256",785,4,1,1.327,-0.52,0.322,0.314,0.26,0.234,-99.999,-99.999
"257",786,4,1,-0.082,-0.467,0.322,0.314,0.26,0.234,-99.999,-99.999
"258",787,4,1,0.122,-0.419,0.322,0.314,0.26,0.234,-99.999,-99.999
"259",788,4,1,-0.91,-0.38,0.322,0.314,0.26,0.234,-99.999,-99.999
"260",789,4,1,-0.02,-0.35,0.322,0.314,0.26,0.234,-99.999,-99.999
"261",790,4,1,0.048,-0.333,0.322,0.314,0.26,0.234,-99.999,-99.999
"262",791,4,1,1.019,-0.327,0.322,0.314,0.26,0.234,-99.999,-99.999
"263",792,4,1,-0.52,-0.328,0.322,0.314,0.26,0.234,-99.999,-99.999
"264",793,4,1,-0.913,-0.323,0.322,0.314,0.26,0.234,-99.999,-99.999
"265",794,4,1,-2.662,-0.296,0.322,0.314,0.26,0.234,-99.999,-99.999
"266",795,4,1,-2.132,-0.243,0.322,0.314,0.26,0.234,-99.999,-99.999
"267",796,4,1,2.279,-0.177,0.322,0.314,0.26,0.234,-99.999,-99.999
"268",797,4,1,1.553,-0.122,0.322,0.314,0.26,0.234,-99.999,-99.999
"269",798,4,1,0.164,-0.091,0.322,0.314,0.26,0.234,-99.999,-99.999
"270",799,4,1,-1.785,-0.076,0.322,0.314,0.26,0.234,-99.999,-99.999
"271",800,4,1,-1.088,-0.071,0.322,0.314,0.26,0.234,-99.999,-99.999
"272",801,4,1,1.655,-0.081,0.322,0.314,0.26,0.234,-99.999,-99.999
"273",802,4,1,1.422,-0.119,0.322,0.314,0.26,0.234,-99.999,-99.999
"274",803,4,1,0.898,-0.185,0.322,0.314,0.26,0.234,-99.999,-99.999
"275",804,4,1,-0.436,-0.263,0.322,0.314,0.26,0.234,-99.999,-99.999
"276",805,4,1,-2.473,-0.33,0.322,0.314,0.26,0.234,-99.999,-99.999
"277",806,4,1,-0.986,-0.364,0.322,0.314,0.26,0.234,-99.999,-99.999
"278",807,4,1,-1.144,-0.36,0.322,0.314,0.26,0.234,-99.999,-99.999
"279",808,4,1,-0.308,-0.321,0.322,0.314,0.26,0.234,-99.999,-99.999
"280",809,4,1,0.946,-0.255,0.322,0.314,0.26,0.234,-99.999,-99.999
"281",810,4,1,-2.035,-0.171,0.322,0.314,0.26,0.234,-99.999,-99.999
"282",811,4,1,0.353,-0.072,0.322,0.314,0.26,0.234,-99.999,-99.999
"283",812,4,1,1.45,0.029,0.322,0.314,0.26,0.234,-99.999,-99.999
"284",813,4,1,-0.861,0.122,0.322,0.314,0.26,0.234,-99.999,-99.999
"285",814,4,1,0.718,0.203,0.322,0.314,0.26,0.234,-99.999,-99.999
"286",815,4,1,1.694,0.266,0.322,0.314,0.26,0.234,-99.999,-99.999
"287",816,4,1,-0.554,0.311,0.322,0.314,0.26,0.234,-99.999,-99.999
"288",817,4,1,-0.283,0.345,0.322,0.314,0.26,0.234,-99.999,-99.999
"289",818,4,1,1.4,0.369,0.322,0.314,0.26,0.234,-99.999,-99.999
"290",819,4,1,-3.107,0.384,0.322,0.314,0.26,0.234,-99.999,-99.999
"291",820,4,1,1.655,0.387,0.322,0.314,0.26,0.234,-99.999,-99.999
"292",821,4,1,2.782,0.359,0.322,0.314,0.26,0.234,-99.999,-99.999
"293",822,4,1,1.53,0.286,0.322,0.314,0.26,0.234,-99.999,-99.999
"294",823,4,1,0.415,0.175,0.322,0.314,0.26,0.234,-99.999,-99.999
"295",824,4,1,-0.907,0.044,0.322,0.314,0.26,0.234,-99.999,-99.999
"296",825,4,1,0.092,-0.087,0.322,0.314,0.26,0.234,-99.999,-99.999
"297",826,4,1,-3.094,-0.2,0.322,0.314,0.26,0.234,-99.999,-99.999
"298",827,4,1,-0.832,-0.288,0.322,0.314,0.26,0.234,-99.999,-99.999
"299",828,4,1,1.093,-0.358,0.322,0.314,0.26,0.234,-99.999,-99.999
"300",829,4,1,1.234,-0.426,0.322,0.314,0.26,0.234,-99.999,-99.999
"301",830,5,2,-0.348,-0.495,0.322,0.383,0.377,0.353,-99.999,-99.999
"302",831,5,2,-2.112,-0.557,0.322,0.383,0.377,0.353,-99.999,-99.999
"303",832,5,2,0.314,-0.601,0.322,0.383,0.377,0.353,-99.999,-99.999
"304",833,5,2,-0.367,-0.623,0.322,0.383,0.377,0.353,-99.999,-99.999
"305",834,5,2,-3.979,-0.619,0.322,0.383,0.377,0.353,-99.999,-99.999
"306",835,5,2,1.64,-0.584,0.322,0.383,0.377,0.353,-99.999,-99.999
"307",836,5,2,0.171,-0.533,0.322,0.383,0.377,0.353,-99.999,-99.999
"308",837,5,2,-0.764,-0.468,0.322,0.383,0.377,0.353,-99.999,-99.999
"309",838,5,2,-0.12,-0.387,0.322,0.383,0.377,0.353,-99.999,-99.999
"310",839,5,2,-1.919,-0.286,0.322,0.383,0.377,0.353,-99.999,-99.999
"311",840,5,2,-2.705,-0.162,0.322,0.383,0.377,0.353,-99.999,-99.999
"312",841,5,2,1.607,-0.027,0.322,0.383,0.377,0.353,-99.999,-99.999
"313",842,5,2,0.936,0.088,0.322,0.383,0.377,0.353,-99.999,-99.999
"314",843,5,2,1.113,0.165,0.322,0.383,0.377,0.353,-99.999,-99.999
"315",844,5,2,1.373,0.19,0.322,0.383,0.377,0.353,-99.999,-99.999
"316",845,5,2,-0.364,0.164,0.322,0.383,0.377,0.353,-99.999,-99.999
"317",846,5,2,1.513,0.093,0.322,0.383,0.377,0.353,-99.999,-99.999
"318",847,5,2,0.572,-0.017,0.322,0.383,0.377,0.353,-99.999,-99.999
"319",848,5,2,-0.249,-0.148,0.322,0.383,0.377,0.353,-99.999,-99.999
"320",849,5,2,-1.366,-0.277,0.322,0.383,0.377,0.353,-99.999,-99.999
"321",850,5,2,-3.596,-0.383,0.322,0.383,0.377,0.353,-99.999,-99.999
"322",851,5,2,-0.439,-0.458,0.322,0.383,0.377,0.353,-99.999,-99.999
"323",852,5,2,0,-0.514,0.322,0.383,0.377,0.353,-99.999,-99.999
"324",853,5,2,0.6,-0.571,0.322,0.383,0.377,0.353,-99.999,-99.999
"325",854,5,2,0.69,-0.64,0.322,0.383,0.377,0.353,-99.999,-99.999
"326",855,5,2,-0.424,-0.725,0.322,0.383,0.377,0.353,-99.999,-99.999
"327",856,5,2,-1.276,-0.815,0.322,0.383,0.377,0.353,-99.999,-99.999
"328",857,5,2,-1.074,-0.899,0.322,0.383,0.377,0.353,-99.999,-99.999
"329",858,5,2,-1.83,-0.968,0.322,0.383,0.377,0.353,-99.999,-99.999
"330",859,5,2,-2.805,-1.014,0.322,0.383,0.377,0.353,-99.999,-99.999
"331",860,5,2,-0.284,-1.042,0.322,0.383,0.377,0.353,-99.999,-99.999
"332",861,5,2,-1.339,-1.065,0.322,0.383,0.377,0.353,-99.999,-99.999
"333",862,5,2,1.07,-1.096,0.322,0.383,0.377,0.353,-99.999,-99.999
"334",863,5,2,-0.201,-1.144,0.322,0.383,0.377,0.353,-99.999,-99.999
"335",864,5,2,-0.797,-1.206,0.322,0.383,0.377,0.353,-99.999,-99.999
"336",865,5,2,-2.503,-1.265,0.322,0.383,0.377,0.353,-99.999,-99.999
"337",866,5,2,-1.361,-1.303,0.322,0.383,0.377,0.353,-99.999,-99.999
"338",867,5,2,-1.987,-1.311,0.322,0.383,0.377,0.353,-99.999,-99.999
"339",868,5,2,-3.428,-1.28,0.322,0.383,0.377,0.353,-99.999,-99.999
"340",869,5,2,0.208,-1.214,0.322,0.383,0.377,0.353,-99.999,-99.999
"341",870,5,3,1.338,-1.124,0.345,0.495,0.492,0.472,-99.999,-99.999
"342",871,5,3,-2.346,-1.017,0.345,0.495,0.492,0.472,-99.999,-99.999
"343",872,5,3,-3.691,-0.879,0.345,0.495,0.492,0.472,-99.999,-99.999
"344",873,5,3,-1.814,-0.708,0.345,0.495,0.492,0.472,-99.999,-99.999
"345",874,5,3,1.104,-0.523,0.345,0.495,0.492,0.472,-99.999,-99.999
"346",875,5,3,1.567,-0.353,0.345,0.495,0.492,0.472,-99.999,-99.999
"347",876,5,3,0.185,-0.215,0.345,0.495,0.492,0.472,-99.999,-99.999
"348",877,5,3,0.404,-0.109,0.345,0.495,0.492,0.472,-99.999,-99.999
"349",878,5,3,-0.333,-0.03,0.345,0.495,0.492,0.472,-99.999,-99.999
"350",879,5,3,0.982,0.031,0.345,0.495,0.492,0.472,-99.999,-99.999
"351",880,5,3,-1.75,0.083,0.345,0.495,0.492,0.472,-99.999,-99.999
"352",881,5,3,-0.538,0.14,0.345,0.495,0.492,0.472,-99.999,-99.999
"353",882,5,3,-0.634,0.201,0.345,0.495,0.492,0.472,-99.999,-99.999
"354",883,5,3,0.339,0.259,0.345,0.495,0.492,0.472,-99.999,-99.999
"355",884,5,3,1.509,0.299,0.345,0.495,0.492,0.472,-99.999,-99.999
"356",885,5,3,1.569,0.309,0.345,0.495,0.492,0.472,-99.999,-99.999
"357",886,5,3,1.497,0.285,0.345,0.495,0.492,0.472,-99.999,-99.999
"358",887,5,3,-0.274,0.235,0.345,0.495,0.492,0.472,-99.999,-99.999
"359",888,5,3,-1.072,0.179,0.345,0.495,0.492,0.472,-99.999,-99.999
"360",889,5,3,-0.097,0.13,0.345,0.495,0.492,0.472,-99.999,-99.999
"361",890,5,3,-1.427,0.094,0.345,0.495,0.492,0.472,-99.999,-99.999
"362",891,5,3,1.08,0.07,0.345,0.495,0.492,0.472,-99.999,-99.999
"363",892,5,3,2.904,0.049,0.345,0.495,0.492,0.472,-99.999,-99.999
"364",893,5,3,-2.332,0.031,0.345,0.495,0.492,0.472,-99.999,-99.999
"365",894,5,3,-0.506,0.031,0.345,0.495,0.492,0.472,-99.999,-99.999
"366",895,5,3,0.641,0.053,0.345,0.495,0.492,0.472,-99.999,-99.999
"367",896,5,3,-1.932,0.096,0.345,0.495,0.492,0.472,-99.999,-99.999
"368",897,5,3,1.926,0.157,0.345,0.495,0.492,0.472,-99.999,-99.999
"369",898,5,3,0.077,0.224,0.345,0.495,0.492,0.472,-99.999,-99.999
"370",899,5,3,0.183,0.293,0.345,0.495,0.492,0.472,-99.999,-99.999
"371",900,5,3,-0.874,0.363,0.345,0.495,0.492,0.472,-99.999,-99.999
"372",901,5,3,1.127,0.427,0.345,0.495,0.492,0.472,-99.999,-99.999
"373",902,5,3,1.048,0.475,0.345,0.495,0.492,0.472,-99.999,-99.999
"374",903,5,3,1.571,0.496,0.345,0.495,0.492,0.472,-99.999,-99.999
"375",904,5,3,0.704,0.49,0.345,0.495,0.492,0.472,-99.999,-99.999
"376",905,5,3,0.999,0.463,0.345,0.495,0.492,0.472,-99.999,-99.999
"377",906,5,3,0.77,0.423,0.345,0.495,0.492,0.472,-99.999,-99.999
"378",907,5,3,-0.816,0.387,0.345,0.495,0.492,0.472,-99.999,-99.999
"379",908,5,3,-2.302,0.37,0.345,0.495,0.492,0.472,-99.999,-99.999
"380",909,5,3,-0.042,0.376,0.345,0.495,0.492,0.472,-99.999,-99.999
"381",910,5,3,2.034,0.39,0.345,0.495,0.492,0.472,-99.999,-99.999
"382",911,5,3,1.953,0.39,0.345,0.495,0.492,0.472,-99.999,-99.999
"383",912,5,3,1.309,0.37,0.345,0.495,0.492,0.472,-99.999,-99.999
"384",913,5,3,-1.482,0.335,0.345,0.495,0.492,0.472,-99.999,-99.999
"385",914,5,3,1.544,0.299,0.345,0.495,0.492,0.472,-99.999,-99.999
"386",915,5,3,-2.115,0.266,0.345,0.495,0.492,0.472,-99.999,-99.999
"387",916,5,3,0.699,0.24,0.345,0.495,0.492,0.472,-99.999,-99.999
"388",917,5,3,2.107,0.215,0.345,0.495,0.492,0.472,-99.999,-99.999
"389",918,5,3,-0.786,0.185,0.345,0.495,0.492,0.472,-99.999,-99.999
"390",919,5,3,-0.14,0.157,0.345,0.495,0.492,0.472,-99.999,-99.999
"391",920,5,3,1.625,0.134,0.345,0.495,0.492,0.472,-99.999,-99.999
"392",921,5,3,-0.343,0.115,0.345,0.495,0.492,0.472,-99.999,-99.999
"393",922,5,3,-2.677,0.113,0.345,0.495,0.492,0.472,-99.999,-99.999
"394",923,5,3,-0.702,0.131,0.345,0.495,0.492,0.472,-99.999,-99.999
"395",924,5,3,0.759,0.155,0.345,0.495,0.492,0.472,-99.999,-99.999
"396",925,5,3,2.602,0.159,0.345,0.495,0.492,0.472,-99.999,-99.999
"397",926,5,3,2.719,0.126,0.345,0.495,0.492,0.472,-99.999,-99.999
"398",927,5,3,0.903,0.06,0.345,0.495,0.492,0.472,-99.999,-99.999
"399",928,5,3,-1.551,-0.014,0.345,0.495,0.492,0.472,-99.999,-99.999
"400",929,5,3,-1.174,-0.064,0.345,0.495,0.492,0.472,-99.999,-99.999
"401",930,5,3,-3.208,-0.067,0.345,0.495,0.492,0.472,-99.999,-99.999
"402",931,5,3,-0.676,-0.016,0.345,0.495,0.492,0.472,-99.999,-99.999
"403",932,5,3,0.882,0.073,0.345,0.495,0.492,0.472,-99.999,-99.999
"404",933,5,3,0.338,0.177,0.345,0.495,0.492,0.472,-99.999,-99.999
"405",934,5,3,0.072,0.276,0.345,0.495,0.492,0.472,-99.999,-99.999
"406",935,5,3,1.809,0.353,0.345,0.495,0.492,0.472,-99.999,-99.999
"407",936,5,3,2.559,0.39,0.345,0.495,0.492,0.472,-99.999,-99.999
"408",937,5,3,-0.183,0.386,0.345,0.495,0.492,0.472,-99.999,-99.999
"409",938,5,3,0.311,0.352,0.345,0.495,0.492,0.472,-99.999,-99.999
"410",939,5,3,-0.985,0.3,0.345,0.495,0.492,0.472,-99.999,-99.999
"411",940,5,3,0.651,0.238,0.345,0.495,0.492,0.472,-99.999,-99.999
"412",941,5,3,1.541,0.167,0.345,0.495,0.492,0.472,-99.999,-99.999
"413",942,5,3,-1.789,0.09,0.345,0.495,0.492,0.472,-99.999,-99.999
"414",943,5,3,-0.706,0.019,0.345,0.495,0.492,0.472,-99.999,-99.999
"415",944,5,3,1.571,-0.049,0.345,0.495,0.492,0.472,-99.999,-99.999
"416",945,5,3,-0.113,-0.119,0.345,0.495,0.492,0.472,-99.999,-99.999
"417",946,5,3,0.032,-0.188,0.345,0.495,0.492,0.472,-99.999,-99.999
"418",947,5,3,-2.203,-0.249,0.345,0.495,0.492,0.472,-99.999,-99.999
"419",948,5,3,-0.032,-0.299,0.345,0.495,0.492,0.472,-99.999,-99.999
"420",949,5,3,0.044,-0.345,0.345,0.495,0.492,0.472,-99.999,-99.999
"421",950,5,3,-0.315,-0.395,0.345,0.495,0.492,0.472,-99.999,-99.999
"422",951,5,3,1.889,-0.453,0.345,0.495,0.492,0.472,-99.999,-99.999
"423",952,5,3,-0.821,-0.521,0.345,0.495,0.492,0.472,-99.999,-99.999
"424",953,5,3,-2.01,-0.583,0.345,0.495,0.492,0.472,-99.999,-99.999
"425",954,5,3,-2.762,-0.625,0.345,0.495,0.492,0.472,-99.999,-99.999
"426",955,5,3,0.383,-0.646,0.345,0.495,0.492,0.472,-99.999,-99.999
"427",956,5,3,1.934,-0.66,0.345,0.495,0.492,0.472,-99.999,-99.999
"428",957,5,3,-3.088,-0.672,0.345,0.495,0.492,0.472,-99.999,-99.999
"429",958,5,3,-0.832,-0.675,0.345,0.495,0.492,0.472,-99.999,-99.999
"430",959,5,3,0.607,-0.671,0.345,0.495,0.492,0.472,-99.999,-99.999
"431",960,5,3,0.876,-0.666,0.345,0.495,0.492,0.472,-99.999,-99.999
"432",961,5,3,-0.423,-0.656,0.345,0.495,0.492,0.472,-99.999,-99.999
"433",962,5,3,-1.502,-0.625,0.345,0.495,0.492,0.472,-99.999,-99.999
"434",963,5,3,-2.41,-0.552,0.345,0.495,0.492,0.472,-99.999,-99.999
"435",964,5,3,-1.917,-0.426,0.345,0.495,0.492,0.472,-99.999,-99.999
"436",965,5,3,-0.781,-0.252,0.345,0.495,0.492,0.472,-99.999,-99.999
"437",966,5,3,0.28,-0.049,0.345,0.495,0.492,0.472,-99.999,-99.999
"438",967,5,3,-0.386,0.16,0.345,0.495,0.492,0.472,-99.999,-99.999
"439",968,5,3,1.928,0.353,0.345,0.495,0.492,0.472,-99.999,-99.999
"440",969,5,3,0.589,0.504,0.345,0.495,0.492,0.472,-99.999,-99.999
"441",970,5,3,1.502,0.601,0.345,0.495,0.492,0.472,-99.999,-99.999
"442",971,5,3,1.103,0.633,0.345,0.495,0.492,0.472,-99.999,-99.999
"443",972,5,3,1.214,0.598,0.345,0.495,0.492,0.472,-99.999,-99.999
"444",973,5,3,0.221,0.498,0.345,0.495,0.492,0.472,-99.999,-99.999
"445",974,5,3,2.281,0.34,0.345,0.495,0.492,0.472,-99.999,-99.999
"446",975,5,4,0.953,0.134,0.354,0.535,0.529,0.51,-99.999,-99.999
"447",976,5,4,-0.404,-0.097,0.354,0.535,0.529,0.51,-99.999,-99.999
"448",977,5,4,-1.608,-0.323,0.354,0.535,0.529,0.51,-99.999,-99.999
"449",978,5,4,-2.291,-0.516,0.354,0.535,0.529,0.51,-99.999,-99.999
"450",979,5,4,-2.752,-0.658,0.354,0.535,0.529,0.51,-99.999,-99.999
"451",980,5,4,-0.011,-0.752,0.354,0.535,0.529,0.51,-99.999,-99.999
"452",981,5,4,0.108,-0.812,0.354,0.535,0.529,0.51,-99.999,-99.999
"453",982,5,4,0.58,-0.852,0.354,0.535,0.529,0.51,-99.999,-99.999
"454",983,5,4,-1.924,-0.876,0.354,0.535,0.529,0.51,-99.999,-99.999
"455",984,5,4,-1.715,-0.877,0.354,0.535,0.529,0.51,-99.999,-99.999
"456",985,5,4,1.012,-0.857,0.354,0.535,0.529,0.51,-99.999,-99.999
"457",986,5,4,-3.014,-0.819,0.354,0.535,0.529,0.51,-99.999,-99.999
"458",987,5,4,-0.836,-0.761,0.354,0.535,0.529,0.51,-99.999,-99.999
"459",988,5,4,2.197,-0.691,0.354,0.535,0.529,0.51,-99.999,-99.999
"460",989,5,4,-2.393,-0.618,0.354,0.535,0.529,0.51,-99.999,-99.999
"461",990,5,4,-2.691,-0.532,0.354,0.535,0.529,0.51,-99.999,-99.999
"462",991,5,4,0.929,-0.438,0.354,0.535,0.529,0.51,-99.999,-99.999
"463",992,5,4,-0.212,-0.351,0.354,0.535,0.529,0.51,-99.999,-99.999
"464",993,5,4,1.79,-0.284,0.354,0.535,0.529,0.51,-99.999,-99.999
"465",994,5,4,1.437,-0.241,0.354,0.535,0.529,0.51,-99.999,-99.999
"466",995,5,4,-1.945,-0.212,0.354,0.535,0.529,0.51,-99.999,-99.999
"467",996,5,4,-2.242,-0.174,0.354,0.535,0.529,0.51,-99.999,-99.999
"468",997,5,4,0.299,-0.115,0.354,0.535,0.529,0.51,-99.999,-99.999
"469",998,5,4,0.666,-0.04,0.354,0.535,0.529,0.51,-99.999,-99.999
"470",999,5,4,-1.245,0.046,0.354,0.535,0.529,0.51,-99.999,-99.999
"471",1000,5,4,0.08,0.142,0.354,0.535,0.529,0.51,-99.999,-99.999
"472",1001,5,4,0.685,0.24,0.354,0.535,0.529,0.51,-99.999,-99.999
"473",1002,5,4,0.427,0.33,0.354,0.535,0.529,0.51,-99.999,-99.999
"474",1003,5,4,-0.009,0.405,0.354,0.535,0.529,0.51,-99.999,-99.999
"475",1004,5,4,1.057,0.458,0.354,0.535,0.529,0.51,-99.999,-99.999
"476",1005,5,4,-0.049,0.481,0.354,0.535,0.529,0.51,-99.999,-99.999
"477",1006,5,4,1.16,0.467,0.354,0.535,0.529,0.51,-99.999,-99.999
"478",1007,5,4,0.064,0.411,0.354,0.535,0.529,0.51,-99.999,-99.999
"479",1008,5,4,2.67,0.309,0.354,0.535,0.529,0.51,-99.999,-99.999
"480",1009,5,4,2.55,0.157,0.354,0.535,0.529,0.51,-99.999,-99.999
"481",1010,5,4,-0.859,-0.025,0.356,0.54,0.529,0.51,-99.999,-99.999
"482",1011,5,4,-0.433,-0.202,0.356,0.54,0.529,0.51,-99.999,-99.999
"483",1012,5,4,-5.295,-0.342,0.356,0.54,0.529,0.51,-99.999,-99.999
"484",1013,5,4,-0.032,-0.421,0.356,0.54,0.529,0.51,-99.999,-99.999
"485",1014,5,4,0.026,-0.449,0.356,0.54,0.529,0.51,-99.999,-99.999
"486",1015,5,4,-0.402,-0.44,0.356,0.54,0.529,0.51,-99.999,-99.999
"487",1016,5,4,0.067,-0.404,0.356,0.54,0.529,0.51,-99.999,-99.999
"488",1017,5,5,-0.709,-0.35,0.365,0.54,0.529,0.51,-99.999,-99.999
"489",1018,5,5,-0.789,-0.284,0.365,0.54,0.529,0.51,-99.999,-99.999
"490",1019,5,5,1.316,-0.214,0.365,0.54,0.529,0.51,-99.999,-99.999
"491",1020,5,5,-0.161,-0.15,0.365,0.54,0.529,0.51,-99.999,-99.999
"492",1021,5,5,-1.407,-0.093,0.365,0.54,0.529,0.51,-99.999,-99.999
"493",1022,5,5,0.195,-0.042,0.365,0.54,0.529,0.51,-99.999,-99.999
"494",1023,5,5,2.708,-0.007,0.365,0.54,0.529,0.51,-99.999,-99.999
"495",1024,5,5,-1.661,0.007,0.365,0.54,0.529,0.51,-99.999,-99.999
"496",1025,5,5,-1.616,0.012,0.365,0.54,0.529,0.51,-99.999,-99.999
"497",1026,5,5,1.119,0.009,0.365,0.54,0.529,0.51,-99.999,-99.999
"498",1027,5,5,1.574,-0.012,0.365,0.54,0.529,0.51,-99.999,-99.999
"499",1028,5,5,-0.716,-0.054,0.365,0.54,0.529,0.51,-99.999,-99.999
"500",1029,5,5,-1.609,-0.108,0.365,0.54,0.529,0.51,-99.999,-99.999
"501",1030,5,5,0.056,-0.171,0.365,0.54,0.529,0.51,-99.999,-99.999
"502",1031,5,5,2.428,-0.25,0.365,0.54,0.529,0.51,-99.999,-99.999
"503",1032,5,5,-1.943,-0.346,0.365,0.54,0.529,0.51,-99.999,-99.999
"504",1033,5,5,-0.51,-0.449,0.365,0.54,0.529,0.51,-99.999,-99.999
"505",1034,5,5,-0.217,-0.551,0.365,0.54,0.529,0.51,-99.999,-99.999
"506",1035,5,5,-1.555,-0.65,0.365,0.54,0.529,0.51,-99.999,-99.999
"507",1036,5,5,2.085,-0.74,0.365,0.54,0.529,0.51,-99.999,-99.999
"508",1037,5,5,-1.623,-0.82,0.365,0.54,0.529,0.51,-99.999,-99.999
"509",1038,5,5,-2.464,-0.869,0.365,0.54,0.529,0.51,-99.999,-99.999
"510",1039,5,5,-1.988,-0.873,0.365,0.54,0.529,0.51,-99.999,-99.999
"511",1040,5,5,-2.363,-0.828,0.365,0.54,0.529,0.51,-99.999,-99.999
"512",1041,5,5,-0.784,-0.745,0.365,0.54,0.529,0.51,-99.999,-99.999
"513",1042,5,5,1.478,-0.646,0.365,0.54,0.529,0.51,-99.999,-99.999
"514",1043,5,5,-0.578,-0.551,0.365,0.54,0.529,0.51,-99.999,-99.999
"515",1044,5,5,-1.772,-0.468,0.365,0.54,0.529,0.51,-99.999,-99.999
"516",1045,5,5,1.154,-0.404,0.365,0.54,0.529,0.51,-99.999,-99.999
"517",1046,5,5,0.931,-0.371,0.365,0.54,0.529,0.51,-99.999,-99.999
"518",1047,5,5,-0.88,-0.37,0.365,0.54,0.529,0.51,-99.999,-99.999
"519",1048,5,5,-0.755,-0.395,0.365,0.54,0.529,0.51,-99.999,-99.999
"520",1049,5,5,0.644,-0.438,0.365,0.54,0.529,0.51,-99.999,-99.999
"521",1050,5,5,-0.468,-0.495,0.365,0.54,0.529,0.51,-99.999,-99.999
"522",1051,5,5,-0.703,-0.555,0.365,0.54,0.529,0.51,-99.999,-99.999
"523",1052,5,5,-3.186,-0.604,0.365,0.54,0.529,0.51,-99.999,-99.999
"524",1053,5,5,-0.253,-0.636,0.365,0.54,0.529,0.51,-99.999,-99.999
"525",1054,5,5,1.897,-0.657,0.365,0.54,0.529,0.51,-99.999,-99.999
"526",1055,5,5,-2.207,-0.675,0.365,0.54,0.529,0.51,-99.999,-99.999
"527",1056,5,5,-1.703,-0.681,0.365,0.54,0.529,0.51,-99.999,-99.999
"528",1057,5,5,1.579,-0.673,0.365,0.54,0.529,0.51,-99.999,-99.999
"529",1058,5,5,-0.821,-0.657,0.365,0.54,0.529,0.51,-99.999,-99.999
"530",1059,5,5,-4.082,-0.623,0.365,0.54,0.529,0.51,-99.999,-99.999
"531",1060,5,5,0.112,-0.565,0.365,0.54,0.529,0.51,-99.999,-99.999
"532",1061,5,5,-0.059,-0.502,0.365,0.54,0.529,0.51,-99.999,-99.999
"533",1062,5,5,-1.521,-0.448,0.365,0.54,0.529,0.51,-99.999,-99.999
"534",1063,5,5,0.52,-0.419,0.365,0.54,0.529,0.51,-99.999,-99.999
"535",1064,5,5,2.487,-0.433,0.365,0.54,0.529,0.51,-99.999,-99.999
"536",1065,5,5,-0.279,-0.502,0.365,0.54,0.529,0.51,-99.999,-99.999
"537",1066,5,5,-0.5,-0.614,0.365,0.54,0.529,0.51,-99.999,-99.999
"538",1067,5,5,-0.984,-0.752,0.365,0.54,0.529,0.51,-99.999,-99.999
"539",1068,5,5,0.896,-0.898,0.365,0.54,0.529,0.51,-99.999,-99.999
"540",1069,5,5,-2.196,-1.033,0.365,0.54,0.529,0.51,-99.999,-99.999
"541",1070,5,5,-3.711,-1.129,0.365,0.54,0.529,0.51,-99.999,-99.999
"542",1071,5,5,-0.72,-1.165,0.365,0.54,0.529,0.51,-99.999,-99.999
"543",1072,5,5,-3.829,-1.14,0.365,0.54,0.529,0.51,-99.999,-99.999
"544",1073,5,5,-0.601,-1.056,0.365,0.54,0.529,0.51,-99.999,-99.999
"545",1074,5,5,0.108,-0.934,0.365,0.54,0.529,0.51,-99.999,-99.999
"546",1075,5,5,-3.03,-0.793,0.365,0.54,0.529,0.51,-99.999,-99.999
"547",1076,5,5,1.108,-0.648,0.365,0.54,0.529,0.51,-99.999,-99.999
"548",1077,5,5,0.761,-0.526,0.365,0.54,0.529,0.51,-99.999,-99.999
"549",1078,5,5,0.381,-0.441,0.365,0.54,0.529,0.51,-99.999,-99.999
"550",1079,5,5,1.275,-0.397,0.365,0.54,0.529,0.51,-99.999,-99.999
"551",1080,5,5,-0.001,-0.387,0.365,0.54,0.529,0.51,-99.999,-99.999
"552",1081,5,5,-2.323,-0.391,0.365,0.54,0.529,0.51,-99.999,-99.999
"553",1082,5,5,-0.212,-0.387,0.365,0.54,0.529,0.51,-99.999,-99.999
"554",1083,5,5,-2.578,-0.364,0.365,0.54,0.529,0.51,-99.999,-99.999
"555",1084,5,5,0.367,-0.319,0.365,0.54,0.529,0.51,-99.999,-99.999
"556",1085,5,5,-0.561,-0.258,0.365,0.54,0.529,0.51,-99.999,-99.999
"557",1086,5,5,-0.692,-0.191,0.365,0.54,0.529,0.51,-99.999,-99.999
"558",1087,5,5,0.977,-0.127,0.365,0.54,0.529,0.51,-99.999,-99.999
"559",1088,5,5,-0.169,-0.077,0.365,0.54,0.529,0.51,-99.999,-99.999
"560",1089,5,5,1.151,-0.047,0.365,0.54,0.529,0.51,-99.999,-99.999
"561",1090,5,5,-1.503,-0.038,0.365,0.54,0.529,0.51,-99.999,-99.999
"562",1091,5,5,1.988,-0.048,0.365,0.54,0.529,0.51,-99.999,-99.999
"563",1092,5,5,0.055,-0.078,0.365,0.54,0.529,0.51,-99.999,-99.999
"564",1093,5,5,-1.923,-0.117,0.365,0.54,0.529,0.51,-99.999,-99.999
"565",1094,5,5,0.348,-0.156,0.365,0.54,0.529,0.51,-99.999,-99.999
"566",1095,5,5,0.07,-0.193,0.365,0.54,0.529,0.51,-99.999,-99.999
"567",1096,5,5,0.987,-0.228,0.365,0.54,0.529,0.51,-99.999,-99.999
"568",1097,5,5,-0.87,-0.254,0.365,0.54,0.529,0.51,-99.999,-99.999
"569",1098,5,5,-2.348,-0.258,0.365,0.54,0.529,0.51,-99.999,-99.999
"570",1099,5,5,-0.419,-0.234,0.365,0.54,0.529,0.51,-99.999,-99.999
"571",1100,5,5,1.343,-0.188,0.365,0.54,0.529,0.51,-99.999,-99.999
"572",1101,5,5,0.861,-0.13,0.365,0.54,0.529,0.51,-99.999,-99.999
"573",1102,5,5,-1.369,-0.057,0.365,0.54,0.529,0.51,-99.999,-99.999
"574",1103,5,5,-2.252,0.038,0.365,0.54,0.529,0.51,-99.999,-99.999
"575",1104,5,5,0.457,0.154,0.365,0.54,0.529,0.51,-99.999,-99.999
"576",1105,5,5,1.966,0.273,0.365,0.54,0.529,0.51,-99.999,-99.999
"577",1106,5,5,0.675,0.376,0.365,0.54,0.529,0.51,-99.999,-99.999
"578",1107,5,5,0.006,0.459,0.365,0.54,0.529,0.51,-99.999,-99.999
"579",1108,5,5,1.629,0.519,0.365,0.54,0.529,0.51,-99.999,-99.999
"580",1109,5,5,-0.622,0.555,0.365,0.54,0.529,0.51,-99.999,-99.999
"581",1110,5,5,1.326,0.569,0.365,0.54,0.529,0.51,-99.999,-99.999
"582",1111,5,5,1.747,0.558,0.365,0.54,0.529,0.51,-99.999,-99.999
"583",1112,5,5,-0.158,0.525,0.365,0.54,0.529,0.51,-99.999,-99.999
"584",1113,5,5,1.617,0.481,0.365,0.54,0.529,0.51,-99.999,-99.999
"585",1114,5,5,-0.614,0.436,0.365,0.54,0.529,0.51,-99.999,-99.999
"586",1115,5,5,-2.588,0.403,0.365,0.54,0.529,0.51,-99.999,-99.999
"587",1116,5,5,1.343,0.388,0.365,0.54,0.529,0.51,-99.999,-99.999
"588",1117,5,5,1.323,0.375,0.365,0.54,0.529,0.51,-99.999,-99.999
"589",1118,5,5,-0.2,0.353,0.365,0.54,0.529,0.51,-99.999,-99.999
"590",1119,5,5,1.666,0.316,0.365,0.54,0.529,0.51,-99.999,-99.999
"591",1120,5,5,0.592,0.258,0.365,0.54,0.529,0.51,-99.999,-99.999
"592",1121,5,5,-0.026,0.184,0.365,0.54,0.529,0.51,-99.999,-99.999
"593",1122,5,5,1.865,0.099,0.365,0.54,0.529,0.51,-99.999,-99.999
"594",1123,5,5,-1.745,0.014,0.365,0.54,0.529,0.51,-99.999,-99.999
"595",1124,5,5,-1.266,-0.053,0.365,0.54,0.529,0.51,-99.999,-99.999
"596",1125,5,5,0.975,-0.097,0.365,0.54,0.529,0.51,-99.999,-99.999
"597",1126,5,5,-4.228,-0.118,0.365,0.54,0.529,0.51,-99.999,-99.999
"598",1127,5,5,1.838,-0.121,0.365,0.54,0.529,0.51,-99.999,-99.999
"599",1128,5,5,2.617,-0.131,0.365,0.54,0.529,0.51,-99.999,-99.999
"600",1129,5,5,1.103,-0.162,0.365,0.54,0.529,0.51,-99.999,-99.999
"601",1130,5,5,-1.212,-0.207,0.365,0.54,0.529,0.51,-99.999,-99.999
"602",1131,5,5,-2.093,-0.247,0.365,0.54,0.529,0.51,-99.999,-99.999
"603",1132,5,5,-1.005,-0.269,0.365,0.54,0.529,0.51,-99.999,-99.999
"604",1133,5,5,0.272,-0.277,0.365,0.54,0.529,0.51,-99.999,-99.999
"605",1134,5,5,0.697,-0.28,0.365,0.54,0.529,0.51,-99.999,-99.999
"606",1135,5,5,-2.369,-0.286,0.365,0.54,0.529,0.51,-99.999,-99.999
"607",1136,5,5,-0.037,-0.295,0.365,0.54,0.529,0.51,-99.999,-99.999
"608",1137,5,5,1.178,-0.321,0.365,0.54,0.529,0.51,-99.999,-99.999
"609",1138,5,5,2.051,-0.378,0.365,0.54,0.529,0.51,-99.999,-99.999
"610",1139,5,5,0.254,-0.464,0.365,0.54,0.529,0.51,-99.999,-99.999
"611",1140,5,5,-3.49,-0.559,0.365,0.54,0.529,0.51,-99.999,-99.999
"612",1141,5,5,-1.125,-0.639,0.365,0.54,0.529,0.51,-99.999,-99.999
"613",1142,5,5,-0.045,-0.696,0.365,0.54,0.529,0.51,-99.999,-99.999
"614",1143,5,5,-0.054,-0.734,0.365,0.54,0.529,0.51,-99.999,-99.999
"615",1144,5,5,-0.956,-0.748,0.365,0.54,0.529,0.51,-99.999,-99.999
"616",1145,5,5,-2.51,-0.73,0.365,0.54,0.529,0.51,-99.999,-99.999
"617",1146,5,5,-2.234,-0.673,0.365,0.54,0.529,0.51,-99.999,-99.999
"618",1147,5,5,0.871,-0.589,0.365,0.54,0.529,0.51,-99.999,-99.999
"619",1148,5,5,-1.245,-0.495,0.365,0.54,0.529,0.51,-99.999,-99.999
"620",1149,5,5,0.511,-0.406,0.365,0.54,0.529,0.51,-99.999,-99.999
"621",1150,5,5,-0.291,-0.337,0.365,0.54,0.529,0.51,-99.999,-99.999
"622",1151,5,5,0.244,-0.298,0.365,0.54,0.529,0.51,-99.999,-99.999
"623",1152,5,6,0.708,-0.297,0.368,0.521,0.511,0.491,-99.999,-99.999
"624",1153,5,6,1.38,-0.335,0.368,0.521,0.511,0.491,-99.999,-99.999
"625",1154,5,6,0.207,-0.405,0.368,0.521,0.511,0.491,-99.999,-99.999
"626",1155,5,6,-3.556,-0.485,0.368,0.521,0.511,0.491,-99.999,-99.999
"627",1156,5,6,0.069,-0.552,0.368,0.521,0.511,0.491,-99.999,-99.999
"628",1157,5,6,-0.171,-0.6,0.368,0.521,0.511,0.491,-99.999,-99.999
"629",1158,5,6,-2.444,-0.624,0.368,0.521,0.511,0.491,-99.999,-99.999
"630",1159,5,6,-0.52,-0.617,0.368,0.521,0.511,0.491,-99.999,-99.999
"631",1160,5,6,1.031,-0.585,0.368,0.521,0.511,0.491,-99.999,-99.999
"632",1161,5,6,-2.456,-0.532,0.368,0.521,0.511,0.491,-99.999,-99.999
"633",1162,5,6,-0.256,-0.455,0.368,0.521,0.511,0.491,-99.999,-99.999
"634",1163,5,6,-0.346,-0.361,0.368,0.521,0.511,0.491,-99.999,-99.999
"635",1164,5,6,-2.57,-0.258,0.368,0.521,0.511,0.491,-99.999,-99.999
"636",1165,5,6,1.439,-0.157,0.368,0.521,0.511,0.491,-99.999,-99.999
"637",1166,5,6,1.343,-0.084,0.368,0.521,0.511,0.491,-99.999,-99.999
"638",1167,5,6,1.821,-0.052,0.368,0.521,0.511,0.491,-99.999,-99.999
"639",1168,5,6,-1.587,-0.063,0.368,0.521,0.511,0.491,-99.999,-99.999
"640",1169,5,6,2.072,-0.105,0.368,0.521,0.511,0.491,-99.999,-99.999
"641",1170,5,6,-1.782,-0.169,0.368,0.521,0.511,0.491,-99.999,-99.999
"642",1171,5,6,0.203,-0.238,0.368,0.521,0.511,0.491,-99.999,-99.999
"643",1172,5,6,-1.036,-0.301,0.368,0.521,0.511,0.491,-99.999,-99.999
"644",1173,5,6,0.515,-0.346,0.368,0.521,0.511,0.491,-99.999,-99.999
"645",1174,5,6,-3.278,-0.368,0.368,0.521,0.511,0.491,-99.999,-99.999
"646",1175,5,6,-0.831,-0.358,0.368,0.521,0.511,0.491,-99.999,-99.999
"647",1176,5,6,-0.075,-0.328,0.368,0.521,0.511,0.491,-99.999,-99.999
"648",1177,5,6,-0.322,-0.295,0.368,0.521,0.511,0.491,-99.999,-99.999
"649",1178,5,6,2.173,-0.278,0.368,0.521,0.511,0.491,-99.999,-99.999
"650",1179,5,6,0.224,-0.29,0.368,0.521,0.511,0.491,-99.999,-99.999
"651",1180,5,6,-0.946,-0.327,0.368,0.521,0.511,0.491,-99.999,-99.999
"652",1181,5,6,0.755,-0.379,0.368,0.521,0.511,0.491,-99.999,-99.999
"653",1182,5,6,0.865,-0.439,0.368,0.521,0.511,0.491,-99.999,-99.999
"654",1183,5,6,-4.171,-0.49,0.368,0.521,0.511,0.491,-99.999,-99.999
"655",1184,5,6,-0.515,-0.509,0.368,0.521,0.511,0.491,-99.999,-99.999
"656",1185,5,6,-0.843,-0.499,0.368,0.521,0.511,0.491,-99.999,-99.999
"657",1186,5,6,0.288,-0.466,0.368,0.521,0.511,0.491,-99.999,-99.999
"658",1187,5,6,-0.993,-0.418,0.368,0.521,0.511,0.491,-99.999,-99.999
"659",1188,5,6,1.46,-0.361,0.368,0.521,0.511,0.491,-99.999,-99.999
"660",1189,5,6,-1.223,-0.298,0.368,0.521,0.511,0.491,-99.999,-99.999
"661",1190,5,6,-0.874,-0.225,0.368,0.521,0.511,0.491,-99.999,-99.999
"662",1191,5,6,-0.984,-0.14,0.368,0.521,0.511,0.491,-99.999,-99.999
"663",1192,5,6,0.908,-0.051,0.368,0.521,0.511,0.491,-99.999,-99.999
"664",1193,5,6,0.252,0.033,0.368,0.521,0.511,0.491,-99.999,-99.999
"665",1194,5,6,-1.47,0.104,0.368,0.521,0.511,0.491,-99.999,-99.999
"666",1195,5,6,2.453,0.158,0.368,0.521,0.511,0.491,-99.999,-99.999
"667",1196,5,6,1.43,0.183,0.368,0.521,0.511,0.491,-99.999,-99.999
"668",1197,5,6,0.013,0.181,0.368,0.521,0.511,0.491,-99.999,-99.999
"669",1198,5,6,-1.458,0.168,0.368,0.521,0.511,0.491,-99.999,-99.999
"670",1199,5,6,-1.523,0.154,0.368,0.521,0.511,0.491,-99.999,-99.999
"671",1200,5,6,1.84,0.14,0.368,0.521,0.511,0.491,-99.999,-99.999
"672",1201,5,6,-1.271,0.114,0.368,0.521,0.511,0.491,-99.999,-99.999
"673",1202,5,6,2.44,0.069,0.368,0.521,0.511,0.491,-99.999,-99.999
"674",1203,5,6,-0.035,-0.001,0.368,0.521,0.511,0.491,-99.999,-99.999
"675",1204,5,6,0.407,-0.093,0.368,0.521,0.511,0.491,-99.999,-99.999
"676",1205,5,6,0.779,-0.197,0.368,0.521,0.511,0.491,-99.999,-99.999
"677",1206,5,6,-2.737,-0.298,0.368,0.521,0.511,0.491,-99.999,-99.999
"678",1207,5,6,-0.939,-0.379,0.368,0.521,0.511,0.491,-99.999,-99.999
"679",1208,5,6,-0.193,-0.438,0.368,0.521,0.511,0.491,-99.999,-99.999
"680",1209,5,6,1.947,-0.48,0.368,0.521,0.511,0.491,-99.999,-99.999
"681",1210,5,6,-1.788,-0.505,0.368,0.521,0.511,0.491,-99.999,-99.999
"682",1211,5,6,-1.705,-0.499,0.368,0.521,0.511,0.491,-99.999,-99.999
"683",1212,5,6,-1.422,-0.455,0.368,0.521,0.511,0.491,-99.999,-99.999
"684",1213,5,6,-2.404,-0.377,0.368,0.521,0.511,0.491,-99.999,-99.999
"685",1214,5,6,1.999,-0.28,0.368,0.521,0.511,0.491,-99.999,-99.999
"686",1215,5,6,1.342,-0.191,0.368,0.521,0.511,0.491,-99.999,-99.999
"687",1216,5,6,1.211,-0.124,0.368,0.521,0.511,0.491,-99.999,-99.999
"688",1217,5,6,-2.884,-0.073,0.368,0.521,0.511,0.491,-99.999,-99.999
"689",1218,5,6,-0.38,-0.031,0.368,0.521,0.511,0.491,-99.999,-99.999
"690",1219,5,6,1.572,-0.003,0.368,0.521,0.511,0.491,-99.999,-99.999
"691",1220,5,6,1.007,-0.001,0.368,0.521,0.511,0.491,-99.999,-99.999
"692",1221,5,6,0.684,-0.025,0.368,0.521,0.511,0.491,-99.999,-99.999
"693",1222,5,6,-1.571,-0.064,0.368,0.521,0.511,0.491,-99.999,-99.999
"694",1223,5,6,-2.422,-0.104,0.368,0.521,0.511,0.491,-99.999,-99.999
"695",1224,5,6,1.34,-0.143,0.368,0.521,0.511,0.491,-99.999,-99.999
"696",1225,5,6,1.436,-0.194,0.368,0.521,0.511,0.491,-99.999,-99.999
"697",1226,5,6,-1.113,-0.263,0.368,0.521,0.511,0.491,-99.999,-99.999
"698",1227,5,6,-0.946,-0.342,0.368,0.521,0.511,0.491,-99.999,-99.999
"699",1228,5,6,0.173,-0.428,0.368,0.521,0.511,0.491,-99.999,-99.999
"700",1229,5,6,0.212,-0.524,0.368,0.521,0.511,0.491,-99.999,-99.999
"701",1230,5,6,0.02,-0.625,0.368,0.521,0.511,0.491,-99.999,-99.999
"702",1231,5,6,-2.105,-0.723,0.368,0.521,0.511,0.491,-99.999,-99.999
"703",1232,5,6,-0.431,-0.804,0.368,0.521,0.511,0.491,-99.999,-99.999
"704",1233,5,6,-0.629,-0.864,0.368,0.521,0.511,0.491,-99.999,-99.999
"705",1234,5,6,-1.293,-0.895,0.368,0.521,0.511,0.491,-99.999,-99.999
"706",1235,5,6,-0.422,-0.892,0.368,0.521,0.511,0.491,-99.999,-99.999
"707",1236,5,6,-1.977,-0.848,0.368,0.521,0.511,0.491,-99.999,-99.999
"708",1237,5,6,-2,-0.756,0.368,0.521,0.511,0.491,-99.999,-99.999
"709",1238,5,6,-1.238,-0.618,0.368,0.521,0.511,0.491,-99.999,-99.999
"710",1239,5,6,-1.485,-0.448,0.368,0.521,0.511,0.491,-99.999,-99.999
"711",1240,5,6,1.301,-0.265,0.368,0.521,0.511,0.491,-99.999,-99.999
"712",1241,5,6,2.012,-0.096,0.368,0.521,0.511,0.491,-99.999,-99.999
"713",1242,5,6,-0.116,0.045,0.368,0.521,0.511,0.491,-99.999,-99.999
"714",1243,5,6,0.194,0.161,0.368,0.521,0.511,0.491,-99.999,-99.999
"715",1244,5,6,-0.249,0.255,0.368,0.521,0.511,0.491,-99.999,-99.999
"716",1245,5,6,-2.059,0.332,0.368,0.521,0.511,0.491,-99.999,-99.999
"717",1246,5,6,2.214,0.387,0.368,0.521,0.511,0.491,-99.999,-99.999
"718",1247,5,6,2.146,0.404,0.368,0.521,0.511,0.491,-99.999,-99.999
"719",1248,5,6,0.786,0.378,0.368,0.521,0.511,0.491,-99.999,-99.999
"720",1249,5,6,1.062,0.316,0.368,0.521,0.511,0.491,-99.999,-99.999
"721",1250,5,6,-2.215,0.234,0.368,0.521,0.511,0.491,-99.999,-99.999
"722",1251,5,6,-0.034,0.15,0.368,0.521,0.511,0.491,-99.999,-99.999
"723",1252,5,6,2.288,0.064,0.368,0.521,0.511,0.491,-99.999,-99.999
"724",1253,5,6,-0.214,-0.021,0.368,0.521,0.511,0.491,-99.999,-99.999
"725",1254,5,6,-2.053,-0.091,0.368,0.521,0.511,0.491,-99.999,-99.999
"726",1255,5,6,0.305,-0.134,0.368,0.521,0.511,0.491,-99.999,-99.999
"727",1256,5,6,-0.119,-0.149,0.368,0.521,0.511,0.491,-99.999,-99.999
"728",1257,5,6,-1.394,-0.133,0.368,0.521,0.511,0.491,-99.999,-99.999
"729",1258,5,6,-1.34,-0.087,0.368,0.521,0.511,0.491,-99.999,-99.999
"730",1259,6,6,2.484,-0.023,0.431,0.521,0.495,0.473,-99.999,-99.999
"731",1260,6,6,-0.747,0.045,0.431,0.521,0.495,0.473,-99.999,-99.999
"732",1261,6,6,-1.567,0.111,0.431,0.521,0.495,0.473,-99.999,-99.999
"733",1262,6,6,2.64,0.17,0.431,0.521,0.495,0.473,-99.999,-99.999
"734",1263,6,6,1.342,0.204,0.431,0.521,0.495,0.473,-99.999,-99.999
"735",1264,6,6,-2.059,0.215,0.431,0.521,0.495,0.473,-99.999,-99.999
"736",1265,6,6,1.143,0.208,0.431,0.521,0.495,0.473,-99.999,-99.999
"737",1266,6,6,0.605,0.181,0.431,0.521,0.495,0.473,-99.999,-99.999
"738",1267,6,6,0.206,0.131,0.431,0.521,0.495,0.473,-99.999,-99.999
"739",1268,6,6,0.106,0.064,0.431,0.521,0.495,0.473,-99.999,-99.999
"740",1269,6,6,0.33,-0.018,0.431,0.521,0.495,0.473,-99.999,-99.999
"741",1270,6,6,1.992,-0.108,0.431,0.521,0.495,0.473,-99.999,-99.999
"742",1271,6,6,-0.901,-0.195,0.431,0.521,0.495,0.473,-99.999,-99.999
"743",1272,6,6,-2.731,-0.254,0.431,0.521,0.495,0.473,-99.999,-99.999
"744",1273,6,6,-2.325,-0.267,0.431,0.521,0.495,0.473,-99.999,-99.999
"745",1274,6,6,0.476,-0.235,0.431,0.521,0.495,0.473,-99.999,-99.999
"746",1275,6,6,0.578,-0.175,0.431,0.521,0.495,0.473,-99.999,-99.999
"747",1276,6,6,0.03,-0.103,0.431,0.521,0.495,0.473,-99.999,-99.999
"748",1277,6,6,2.101,-0.027,0.431,0.521,0.495,0.473,-99.999,-99.999
"749",1278,6,6,-1.038,0.049,0.431,0.521,0.495,0.473,-99.999,-99.999
"750",1279,6,6,-1.71,0.134,0.431,0.521,0.495,0.473,-99.999,-99.999
"751",1280,6,6,0.313,0.231,0.431,0.521,0.495,0.473,-99.999,-99.999
"752",1281,6,6,2.084,0.327,0.431,0.521,0.495,0.473,-99.999,-99.999
"753",1282,6,6,-0.215,0.413,0.431,0.521,0.495,0.473,-99.999,-99.999
"754",1283,6,6,0.665,0.488,0.431,0.521,0.495,0.473,-99.999,-99.999
"755",1284,6,6,1.186,0.551,0.431,0.521,0.495,0.473,-99.999,-99.999
"756",1285,6,6,-0.941,0.601,0.431,0.521,0.495,0.473,-99.999,-99.999
"757",1286,6,7,-0.712,0.64,0.431,0.509,0.492,0.471,-99.999,-99.999
"758",1287,6,7,2.57,0.659,0.431,0.509,0.492,0.471,-99.999,-99.999
"759",1288,6,7,1.982,0.641,0.431,0.509,0.492,0.471,-99.999,-99.999
"760",1289,6,7,1.198,0.58,0.431,0.509,0.492,0.471,-99.999,-99.999
"761",1290,6,7,-0.427,0.483,0.431,0.509,0.486,0.464,-99.999,-99.999
"762",1291,6,7,2.247,0.364,0.431,0.509,0.486,0.464,-99.999,-99.999
"763",1292,6,7,-0.838,0.232,0.431,0.509,0.486,0.464,-99.999,-99.999
"764",1293,6,7,-1.211,0.107,0.431,0.509,0.486,0.464,-99.999,-99.999
"765",1294,6,7,-0.284,0.003,0.431,0.509,0.486,0.464,-99.999,-99.999
"766",1295,6,7,1.334,-0.077,0.431,0.509,0.486,0.464,-99.999,-99.999
"767",1296,6,7,-1.425,-0.134,0.431,0.509,0.486,0.464,-99.999,-99.999
"768",1297,6,7,-1.199,-0.158,0.431,0.509,0.486,0.464,-99.999,-99.999
"769",1298,6,7,1.935,-0.151,0.431,0.509,0.486,0.464,-99.999,-99.999
"770",1299,6,7,-2.458,-0.118,0.431,0.509,0.486,0.464,-99.999,-99.999
"771",1300,6,7,-0.223,-0.056,0.431,0.509,0.486,0.464,-99.999,-99.999
"772",1301,6,7,-0.272,0.025,0.431,0.509,0.486,0.464,-99.999,-99.999
"773",1302,6,7,1.343,0.109,0.431,0.509,0.486,0.464,-99.999,-99.999
"774",1303,6,7,1.051,0.182,0.431,0.509,0.486,0.464,-99.999,-99.999
"775",1304,6,7,-1.565,0.238,0.431,0.509,0.486,0.464,-99.999,-99.999
"776",1305,6,7,2.554,0.274,0.431,0.509,0.486,0.464,-99.999,-99.999
"777",1306,6,7,0.403,0.282,0.431,0.505,0.486,0.464,-99.999,-99.999
"778",1307,6,7,-1.301,0.267,0.431,0.505,0.486,0.464,-99.999,-99.999
"779",1308,6,7,1.736,0.235,0.431,0.505,0.486,0.464,-99.999,-99.999
"780",1309,6,7,-0.448,0.183,0.431,0.505,0.486,0.464,-99.999,-99.999
"781",1310,6,7,0.339,0.116,0.431,0.503,0.476,0.454,-99.999,-99.999
"782",1311,6,7,1.31,0.037,0.431,0.503,0.476,0.454,-99.999,-99.999
"783",1312,6,7,-0.711,-0.048,0.431,0.503,0.476,0.454,-99.999,-99.999
"784",1313,6,7,-1.176,-0.125,0.431,0.503,0.476,0.454,-99.999,-99.999
"785",1314,6,7,1.349,-0.186,0.431,0.503,0.476,0.454,-99.999,-99.999
"786",1315,7,7,-1.139,-0.227,0.43,0.503,0.465,0.439,-99.999,-99.999
"787",1316,7,7,-2.326,-0.236,0.43,0.503,0.465,0.439,-99.999,-99.999
"788",1317,7,7,-0.718,-0.211,0.43,0.503,0.465,0.439,-99.999,-99.999
"789",1318,7,7,1.943,-0.163,0.43,0.503,0.465,0.439,-99.999,-99.999
"790",1319,7,7,-1.008,-0.107,0.43,0.503,0.465,0.439,-99.999,-99.999
"791",1320,7,8,-1.831,-0.048,0.43,0.503,0.465,0.439,-99.999,-99.999
"792",1321,7,8,1.602,0.006,0.43,0.503,0.465,0.439,-99.999,-99.999
"793",1322,7,8,2.521,0.035,0.43,0.503,0.465,0.439,-99.999,-99.999
"794",1323,7,8,1.229,0.029,0.43,0.503,0.465,0.439,-99.999,-99.999
"795",1324,7,8,-2.093,0.003,0.43,0.503,0.465,0.439,-99.999,-99.999
"796",1325,7,8,0.013,-0.023,0.43,0.503,0.465,0.439,-99.999,-99.999
"797",1326,7,8,-0.427,-0.04,0.43,0.503,0.465,0.439,-99.999,-99.999
"798",1327,7,8,0.693,-0.042,0.43,0.503,0.465,0.439,-99.999,-99.999
"799",1328,7,8,-2.468,-0.025,0.43,0.503,0.465,0.439,-99.999,-99.999
"800",1329,7,8,-0.255,0.015,0.43,0.503,0.465,0.439,-99.999,-99.999
"801",1330,7,8,1.81,0.068,0.43,0.502,0.465,0.439,-99.999,-99.999
"802",1331,7,8,-0.132,0.12,0.43,0.502,0.465,0.439,-99.999,-99.999
"803",1332,7,8,1.414,0.168,0.43,0.502,0.465,0.439,-99.999,-99.999
"804",1333,7,8,0.738,0.213,0.43,0.502,0.465,0.439,-99.999,-99.999
"805",1334,7,8,-1.165,0.261,0.43,0.502,0.465,0.439,-99.999,-99.999
"806",1335,7,8,-2.536,0.327,0.43,0.502,0.458,0.432,-99.999,-99.999
"807",1336,7,8,1.115,0.407,0.43,0.502,0.458,0.432,-99.999,-99.999
"808",1337,7,8,2.537,0.482,0.43,0.502,0.458,0.432,-99.999,-99.999
"809",1338,7,8,1.298,0.533,0.43,0.502,0.458,0.432,-99.999,-99.999
"810",1339,7,8,0.762,0.558,0.43,0.502,0.458,0.432,-99.999,-99.999
"811",1340,7,8,-1.161,0.564,0.43,0.502,0.458,0.432,-99.999,-99.999
"812",1341,7,8,1.62,0.558,0.43,0.502,0.458,0.432,-99.999,-99.999
"813",1342,7,8,1.773,0.535,0.43,0.502,0.458,0.432,-99.999,-99.999
"814",1343,7,8,-0.909,0.501,0.43,0.502,0.458,0.432,-99.999,-99.999
"815",1344,7,8,-0.859,0.465,0.43,0.502,0.458,0.432,-99.999,-99.999
"816",1345,7,8,0.192,0.428,0.43,0.502,0.458,0.432,-99.999,-99.999
"817",1346,7,8,1.316,0.382,0.43,0.502,0.458,0.432,-99.999,-99.999
"818",1347,7,8,1.891,0.314,0.43,0.502,0.458,0.432,-99.999,-99.999
"819",1348,7,8,0.242,0.221,0.43,0.502,0.458,0.432,-99.999,-99.999
"820",1349,7,8,0.095,0.11,0.43,0.502,0.458,0.432,-99.999,-99.999
"821",1350,7,8,1.926,-0.007,0.43,0.502,0.458,0.432,-99.999,-99.999
"822",1351,7,8,-2.168,-0.117,0.43,0.502,0.458,0.432,-99.999,-99.999
"823",1352,7,8,-1.655,-0.197,0.43,0.502,0.458,0.432,-99.999,-99.999
"824",1353,7,8,-1.136,-0.237,0.43,0.502,0.458,0.432,-99.999,-99.999
"825",1354,7,8,-0.077,-0.24,0.43,0.502,0.458,0.432,-99.999,-99.999
"826",1355,7,8,-0.132,-0.217,0.43,0.502,0.458,0.432,-99.999,-99.999
"827",1356,7,8,0.71,-0.181,0.43,0.502,0.458,0.432,-99.999,-99.999
"828",1357,7,9,1.222,-0.142,0.43,0.502,0.458,0.432,-99.999,-99.999
"829",1358,7,9,-3.613,-0.101,0.43,0.502,0.458,0.432,-99.999,-99.999
"830",1359,7,9,1.355,-0.055,0.43,0.502,0.458,0.432,-99.999,-99.999
"831",1360,7,9,1.811,-0.019,0.43,0.502,0.458,0.432,-99.999,-99.999
"832",1361,7,9,0.034,-0.003,0.43,0.502,0.458,0.432,-99.999,-99.999
"833",1362,7,9,-0.706,0,0.43,0.502,0.458,0.432,-99.999,-99.999
"834",1363,7,9,0.508,-0.004,0.43,0.502,0.458,0.432,-99.999,-99.999
"835",1364,7,9,-1.594,-0.01,0.43,0.502,0.458,0.432,-99.999,-99.999
"836",1365,7,9,-0.754,-0.015,0.43,0.502,0.458,0.432,-99.999,-99.999
"837",1366,7,9,0.527,-0.028,0.43,0.502,0.458,0.432,-99.999,-99.999
"838",1367,7,9,2.525,-0.06,0.43,0.502,0.458,0.432,-99.999,-99.999
"839",1368,7,9,1.25,-0.12,0.43,0.502,0.458,0.432,-99.999,-99.999
"840",1369,7,9,-1.788,-0.195,0.43,0.502,0.458,0.432,-99.999,-99.999
"841",1370,7,9,-0.921,-0.261,0.43,0.502,0.458,0.432,-99.999,-99.999
"842",1371,7,9,-0.405,-0.305,0.43,0.502,0.458,0.432,-99.999,-99.999
"843",1372,7,9,-2.761,-0.319,0.43,0.502,0.458,0.432,-99.999,-99.999
"844",1373,7,9,0.414,-0.302,0.43,0.502,0.458,0.432,-99.999,-99.999
"845",1374,7,9,-1.172,-0.268,0.43,0.502,0.458,0.432,-99.999,-99.999
"846",1375,7,9,0.888,-0.232,0.43,0.502,0.458,0.432,-99.999,-99.999
"847",1376,7,9,3.354,-0.209,0.43,0.502,0.458,0.432,-99.999,-99.999
"848",1377,7,9,-0.636,-0.206,0.435,0.502,0.458,0.432,-99.999,-99.999
"849",1378,7,9,-1.036,-0.205,0.435,0.502,0.458,0.432,-99.999,-99.999
"850",1379,7,10,-2.624,-0.184,0.435,0.502,0.458,0.432,-99.999,-99.999
"851",1380,7,10,-0.227,-0.135,0.435,0.502,0.458,0.432,-99.999,-99.999
"852",1381,7,10,0.865,-0.063,0.436,0.502,0.458,0.432,-99.999,-99.999
"853",1382,7,10,0.104,0.021,0.436,0.502,0.458,0.432,-99.999,-99.999
"854",1383,7,10,-0.748,0.113,0.443,0.502,0.458,0.432,-99.999,-99.999
"855",1384,7,10,-1.201,0.209,0.443,0.502,0.458,0.432,-99.999,-99.999
"856",1385,7,10,2.273,0.298,0.444,0.503,0.458,0.432,-99.999,-99.999
"857",1386,7,10,0.977,0.362,0.446,0.503,0.458,0.433,-99.999,-99.999
"858",1387,7,10,1.162,0.393,0.446,0.503,0.458,0.433,-99.999,-99.999
"859",1388,7,10,1.796,0.392,0.446,0.503,0.458,0.433,-99.999,-99.999
"860",1389,7,10,0.577,0.37,0.446,0.503,0.458,0.433,-99.999,-99.999
"861",1390,7,10,-1.931,0.347,0.446,0.503,0.458,0.433,-99.999,-99.999
"862",1391,7,10,-0.503,0.342,0.446,0.503,0.458,0.433,-99.999,-99.999
"863",1392,7,10,-0.897,0.361,0.446,0.503,0.458,0.433,-99.999,-99.999
"864",1393,7,10,0.681,0.397,0.446,0.503,0.458,0.433,-99.999,-99.999
"865",1394,7,10,1.209,0.433,0.446,0.503,0.458,0.433,-99.999,-99.999
"866",1395,7,10,1.107,0.455,0.446,0.503,0.458,0.433,-99.999,-99.999
"867",1396,7,11,1.914,0.455,0.446,0.503,0.458,0.433,-99.999,-99.999
"868",1397,7,11,0.14,0.432,0.446,0.503,0.458,0.433,-99.999,-99.999
"869",1398,7,11,0.395,0.396,0.446,0.503,0.458,0.433,-99.999,-99.999
"870",1399,7,11,-1.824,0.357,0.446,0.503,0.46,0.435,-99.999,-99.999
"871",1400,7,11,0.163,0.322,0.459,0.503,0.461,0.437,-99.999,-99.999
"872",1401,7,12,1.354,0.281,0.461,0.503,0.461,0.437,-99.999,-99.999
"873",1402,7,12,1.311,0.223,0.461,0.503,0.461,0.437,-99.999,-99.999
"874",1403,7,12,-0.46,0.147,0.461,0.503,0.465,0.439,-99.999,-99.999
"875",1404,7,12,0.667,0.057,0.461,0.503,0.465,0.439,-99.999,-99.999
"876",1405,7,12,2.053,-0.042,0.461,0.505,0.465,0.439,-99.999,-99.999
"877",1406,7,12,-1.714,-0.142,0.461,0.506,0.465,0.439,-99.999,-99.999
"878",1407,7,12,-1.904,-0.218,0.461,0.508,0.465,0.439,-99.999,-99.999
"879",1408,7,12,-1.043,-0.259,0.464,0.508,0.465,0.439,-99.999,-99.999
"880",1409,7,12,0.841,-0.265,0.464,0.508,0.465,0.439,-99.999,-99.999
"881",1410,7,12,-2.071,-0.246,0.464,0.508,0.465,0.439,-99.999,-99.999
"882",1411,7,12,1.136,-0.206,0.464,0.508,0.465,0.439,-99.999,-99.999
"883",1412,7,13,1.742,-0.158,0.464,0.508,0.465,0.439,-99.999,-99.999
"884",1413,7,13,-1.424,-0.107,0.464,0.508,0.465,0.439,-99.999,-99.999
"885",1414,7,13,-0.255,-0.043,0.464,0.51,0.465,0.439,-99.999,-99.999
"886",1415,7,13,-0.438,0.036,0.47,0.51,0.465,0.439,-99.999,-99.999
"887",1416,7,14,-1.817,0.128,0.471,0.51,0.465,0.439,-99.999,-99.999
"888",1417,7,14,1.829,0.224,0.471,0.51,0.465,0.439,-99.999,-99.999
"889",1418,7,14,-0.843,0.306,0.471,0.51,0.465,0.439,-99.999,-99.999
"890",1419,7,14,1.482,0.359,0.471,0.51,0.465,0.439,-99.999,-99.999
"891",1420,7,14,2.008,0.368,0.471,0.51,0.465,0.439,-99.999,-99.999
"892",1421,7,14,1.127,0.322,0.471,0.51,0.465,0.439,-99.999,-99.999
"893",1422,7,14,0.818,0.228,0.471,0.51,0.465,0.439,-99.999,-99.999
"894",1423,7,14,0.99,0.099,0.471,0.51,0.466,0.441,-99.999,-99.999
"895",1424,7,14,-1.43,-0.044,0.471,0.51,0.466,0.441,-99.999,-99.999
"896",1425,7,14,-1.342,-0.176,0.471,0.51,0.466,0.441,-99.999,-99.999
"897",1426,7,14,-1.259,-0.282,0.472,0.51,0.466,0.441,-99.999,-99.999
"898",1427,7,14,1.268,-0.357,0.472,0.512,0.466,0.441,-99.999,-99.999
"899",1428,7,14,-3.185,-0.403,0.472,0.512,0.466,0.441,-99.999,-99.999
"900",1429,7,14,0.174,-0.417,0.472,0.512,0.466,0.441,-99.999,-99.999
"901",1430,7,14,0.909,-0.41,0.472,0.512,0.469,0.444,-99.999,-99.999
"902",1431,7,14,0.557,-0.393,0.472,0.515,0.469,0.444,-99.999,-99.999
"903",1432,7,14,-1.666,-0.364,0.472,0.515,0.469,0.444,-99.999,-99.999
"904",1433,7,14,-0.992,-0.316,0.472,0.52,0.469,0.444,-99.999,-99.999
"905",1434,7,14,0.016,-0.249,0.472,0.52,0.469,0.444,-99.999,-99.999
"906",1435,7,14,1.058,-0.172,0.472,0.52,0.469,0.444,-99.999,-99.999
"907",1436,7,14,-0.832,-0.087,0.472,0.52,0.469,0.444,-99.999,-99.999
"908",1437,7,14,-1.825,0.009,0.472,0.52,0.469,0.444,-99.999,-99.999
"909",1438,7,14,1.708,0.111,0.472,0.52,0.469,0.444,-99.999,-99.999
"910",1439,7,14,-2.578,0.208,0.473,0.52,0.47,0.445,-99.999,-99.999
"911",1440,7,14,2.57,0.289,0.473,0.52,0.47,0.445,-99.999,-99.999
"912",1441,7,14,1.054,0.33,0.473,0.52,0.47,0.446,-99.999,-99.999
"913",1442,7,14,4.324,0.323,0.473,0.521,0.472,0.447,-99.999,-99.999
"914",1443,7,14,-0.832,0.269,0.473,0.521,0.472,0.447,-99.999,-99.999
"915",1444,7,14,-2.875,0.2,0.474,0.522,0.472,0.447,-99.999,-99.999
"916",1445,7,14,0.248,0.139,0.474,0.522,0.472,0.447,-99.999,-99.999
"917",1446,7,14,-0.91,0.088,0.474,0.522,0.472,0.447,-99.999,-99.999
"918",1447,7,14,1.301,0.044,0.474,0.527,0.476,0.452,-99.999,-99.999
"919",1448,7,15,1.226,-0.002,0.474,0.527,0.476,0.452,-99.999,-99.999
"920",1449,7,15,-0.591,-0.049,0.474,0.527,0.48,0.457,-99.999,-99.999
"921",1450,7,15,-0.082,-0.087,0.474,0.527,0.48,0.457,-99.999,-99.999
"922",1451,7,15,-0.508,-0.108,0.474,0.527,0.48,0.457,-99.999,-99.999
"923",1452,7,15,-0.749,-0.106,0.474,0.527,0.48,0.457,-99.999,-99.999
"924",1453,7,15,-0.983,-0.076,0.474,0.527,0.48,0.457,-99.999,-99.999
"925",1454,7,15,-0.037,-0.022,0.474,0.527,0.48,0.457,-99.999,-99.999
"926",1455,7,15,-0.908,0.045,0.474,0.527,0.48,0.457,-99.999,-99.999
"927",1456,7,15,2.937,0.112,0.474,0.527,0.48,0.457,-99.999,-99.999
"928",1457,7,15,0.456,0.165,0.474,0.527,0.48,0.457,-99.999,-99.999
"929",1458,7,15,-2.025,0.205,0.474,0.527,0.48,0.457,-99.999,-99.999
"930",1459,7,16,1.329,0.239,0.474,0.527,0.48,0.457,-99.999,-99.999
"931",1460,7,16,-0.548,0.258,0.474,0.527,0.48,0.457,-99.999,-99.999
"932",1461,7,16,1.116,0.259,0.474,0.527,0.48,0.457,-99.999,-99.999
"933",1462,7,16,1.59,0.234,0.475,0.527,0.481,0.457,-99.999,-99.999
"934",1463,7,16,1.16,0.182,0.476,0.532,0.486,0.463,-99.999,-99.999
"935",1464,7,16,-0.521,0.116,0.476,0.532,0.486,0.463,-99.999,-99.999
"936",1465,7,17,-1.526,0.054,0.492,0.537,0.498,0.475,-99.999,-99.999
"937",1466,7,17,-0.203,0.009,0.492,0.537,0.498,0.475,-99.999,-99.999
"938",1467,7,17,0.179,-0.016,0.498,0.537,0.498,0.475,-99.999,-99.999
"939",1468,7,18,-2.093,-0.022,0.499,0.556,0.522,0.5,-99.999,-99.999
"940",1469,7,18,-0.199,-0.015,0.499,0.559,0.531,0.51,-99.999,-99.999
"941",1470,7,18,1.645,-0.011,0.499,0.565,0.539,0.518,-99.999,-99.999
"942",1471,7,20,-0.627,-0.029,0.512,0.576,0.548,0.528,-99.999,-99.999
"943",1472,7,20,2.827,-0.079,0.512,0.576,0.548,0.528,-99.999,-99.999
"944",1473,7,20,0.172,-0.168,0.512,0.576,0.548,0.528,-99.999,-99.999
"945",1474,7,20,0.537,-0.284,0.512,0.576,0.548,0.528,-99.999,-99.999
"946",1475,7,20,-3.05,-0.405,0.512,0.576,0.548,0.528,-99.999,-99.999
"947",1476,7,20,-1.254,-0.511,0.512,0.576,0.548,0.528,-99.999,-99.999
"948",1477,7,20,0.312,-0.595,0.512,0.576,0.548,0.528,-99.999,-99.999
"949",1478,7,20,0.861,-0.661,0.512,0.576,0.548,0.528,-99.999,-99.999
"950",1479,7,20,-2.488,-0.704,0.512,0.576,0.548,0.528,-99.999,-99.999
"951",1480,7,20,-1.135,-0.711,0.512,0.576,0.548,0.528,-99.999,-99.999
"952",1481,7,20,-1.576,-0.679,0.512,0.576,0.548,0.528,-99.999,-99.999
"953",1482,7,20,-2.05,-0.612,0.512,0.576,0.548,0.528,-99.999,-99.999
"954",1483,7,20,0.216,-0.523,0.512,0.576,0.548,0.528,-99.999,-99.999
"955",1484,7,20,1.634,-0.435,0.523,0.59,0.568,0.549,-99.999,-99.999
"956",1485,7,20,-0.953,-0.363,0.523,0.592,0.568,0.549,-99.999,-99.999
"957",1486,7,20,-0.034,-0.311,0.524,0.594,0.571,0.552,-99.999,-99.999
"958",1487,7,21,0.215,-0.281,0.55,0.604,0.571,0.552,-99.999,-99.999
"959",1488,7,21,1.901,-0.276,0.55,0.604,0.571,0.552,-99.999,-99.999
"960",1489,7,21,-2.27,-0.289,0.55,0.604,0.573,0.554,-99.999,-99.999
"961",1490,7,21,0.211,-0.301,0.552,0.612,0.578,0.56,-99.999,-99.999
"962",1491,7,21,-0.49,-0.306,0.552,0.612,0.58,0.561,-99.999,-99.999
"963",1492,7,21,-3.048,-0.292,0.556,0.612,0.58,0.561,-99.999,-99.999
"964",1493,7,21,0.667,-0.257,0.556,0.616,0.584,0.566,-99.999,-99.999
"965",1494,7,22,-1.082,-0.212,0.556,0.616,0.584,0.566,-99.999,-99.999
"966",1495,7,22,1.023,-0.171,0.556,0.616,0.585,0.567,-99.999,-99.999
"967",1496,7,22,3.597,-0.147,0.556,0.616,0.585,0.567,-99.999,-99.999
"968",1497,7,22,-0.528,-0.144,0.556,0.619,0.585,0.567,-99.999,-99.999
"969",1498,7,22,-1.621,-0.138,0.556,0.619,0.585,0.567,-99.999,-99.999
"970",1499,7,22,-0.98,-0.103,0.556,0.619,0.585,0.567,-99.999,-99.999
"971",1500,7,22,-2.745,-0.028,0.556,0.62,0.585,0.567,-99.999,-99.999
"972",1501,7,23,-0.188,0.088,0.556,0.621,0.585,0.567,-99.999,-99.999
"973",1502,7,23,-0.089,0.225,0.556,0.621,0.585,0.567,-99.999,-99.999
"974",1503,7,23,3.195,0.359,0.556,0.623,0.585,0.567,-99.999,-99.999
"975",1504,7,23,1.017,0.465,0.557,0.624,0.585,0.567,-99.999,-99.999
"976",1505,7,23,0.176,0.539,0.558,0.624,0.585,0.567,-99.999,-99.999
"977",1506,7,23,0.808,0.582,0.558,0.624,0.586,0.567,-99.999,-99.999
"978",1507,7,23,0.017,0.597,0.558,0.624,0.586,0.567,-99.999,-99.999
"979",1508,7,23,0.461,0.585,0.558,0.624,0.586,0.567,-99.999,-99.999
"980",1509,7,24,1.802,0.545,0.558,0.624,0.589,0.571,-99.999,-99.999
"981",1510,7,24,-0.317,0.473,0.559,0.626,0.589,0.571,-99.999,-99.999
"982",1511,7,24,1.29,0.375,0.559,0.626,0.589,0.571,-99.999,-99.999
"983",1512,7,24,2.121,0.254,0.559,0.627,0.589,0.571,-99.999,-99.999
"984",1513,7,24,-1.66,0.122,0.559,0.627,0.589,0.571,-99.999,-99.999
"985",1514,7,24,0.217,0,0.56,0.627,0.592,0.574,-99.999,-99.999
"986",1515,7,24,-1.025,-0.099,0.568,0.627,0.592,0.574,-99.999,-99.999
"987",1516,7,25,-0.738,-0.164,0.568,0.627,0.592,0.574,-99.999,-99.999
"988",1517,7,25,0.089,-0.192,0.58,0.63,0.593,0.574,-99.999,-99.999
"989",1518,7,25,-2.589,-0.182,0.581,0.63,0.593,0.574,-99.999,-99.999
"990",1519,7,25,1.782,-0.139,0.581,0.632,0.593,0.575,-99.999,-99.999
"991",1520,7,26,-1.733,-0.079,0.583,0.632,0.593,0.575,-99.999,-99.999
"992",1521,7,26,-0.326,-0.013,0.583,0.632,0.593,0.575,-99.999,-99.999
"993",1522,7,26,0.249,0.043,0.583,0.632,0.593,0.575,-99.999,-99.999
"994",1523,7,26,2.766,0.065,0.589,0.637,0.593,0.575,-99.999,-99.999
"995",1524,7,26,1.864,0.037,0.589,0.637,0.593,0.575,-99.999,-99.999
"996",1525,7,26,1.102,-0.04,0.589,0.638,0.593,0.575,-99.999,-99.999
"997",1526,7,26,-1.561,-0.142,0.589,0.638,0.593,0.575,-99.999,-99.999
"998",1527,7,26,-2.139,-0.24,0.603,0.64,0.593,0.575,-99.999,-99.999
"999",1528,7,26,0.079,-0.316,0.603,0.641,0.593,0.575,-99.999,-99.999
"1000",1529,7,26,-1.743,-0.363,0.604,0.642,0.593,0.575,-99.999,-99.999
"1001",1530,7,26,0.918,-0.38,0.604,0.642,0.593,0.575,-99.999,-99.999
"1002",1531,7,26,-1.342,-0.37,0.607,0.642,0.593,0.575,-99.999,-99.999
"1003",1532,7,26,-2.89,-0.332,0.607,0.642,0.593,0.575,-99.999,-99.999
"1004",1533,7,26,0.628,-0.273,0.607,0.642,0.595,0.577,-99.999,-99.999
"1005",1534,7,26,1.378,-0.218,0.607,0.642,0.595,0.577,-99.999,-99.999
"1006",1535,7,26,0.291,-0.187,0.607,0.642,0.595,0.577,-99.999,-99.999
"1007",1536,7,26,1.623,-0.187,0.607,0.642,0.596,0.577,-99.999,-99.999
"1008",1537,7,27,-1.313,-0.217,0.607,0.642,0.596,0.577,-99.999,-99.999
"1009",1538,7,28,-0.177,-0.265,0.607,0.644,0.596,0.578,-99.999,-99.999
"1010",1539,7,28,1.635,-0.322,0.61,0.646,0.596,0.578,-99.999,-99.999
"1011",1540,7,28,-2.881,-0.379,0.61,0.646,0.598,0.58,-99.999,-99.999
"1012",1541,7,28,-2.387,-0.416,0.61,0.646,0.613,0.595,-99.999,-99.999
"1013",1542,7,28,1.104,-0.432,0.61,0.653,0.613,0.595,-99.999,-99.999
"1014",1543,7,29,-0.22,-0.438,0.61,0.653,0.613,0.595,-99.999,-99.999
"1015",1544,7,29,0.546,-0.439,0.61,0.653,0.613,0.595,-99.999,-99.999
"1016",1545,7,29,-1.618,-0.434,0.616,0.664,0.613,0.595,-99.999,-99.999
"1017",1546,7,29,-0.938,-0.417,0.616,0.664,0.613,0.595,-99.999,-99.999
"1018",1547,7,29,0.475,-0.39,0.618,0.664,0.617,0.599,-99.999,-99.999
"1019",1548,7,30,-0.723,-0.358,0.618,0.664,0.621,0.604,-99.999,-99.999
"1020",1549,7,30,0.464,-0.323,0.618,0.664,0.621,0.604,-99.999,-99.999
"1021",1550,7,31,-2.366,-0.284,0.618,0.664,0.621,0.604,-99.999,-99.999
"1022",1551,7,32,1.821,-0.241,0.618,0.666,0.624,0.608,-99.999,-99.999
"1023",1552,7,32,1.23,-0.203,0.618,0.666,0.624,0.608,-99.999,-99.999
"1024",1553,7,32,-0.614,-0.167,0.618,0.666,0.624,0.608,-99.999,-99.999
"1025",1554,7,32,-3.264,-0.115,0.618,0.666,0.624,0.608,-99.999,-99.999
"1026",1555,7,32,0.14,-0.039,0.619,0.666,0.624,0.608,-99.999,-99.999
"1027",1556,7,33,-1.078,0.052,0.619,0.685,0.652,0.636,-99.999,-99.999
"1028",1557,7,33,2.272,0.139,0.619,0.685,0.652,0.636,-99.999,-99.999
"1029",1558,7,33,0.415,0.205,0.619,0.685,0.652,0.636,-99.999,-99.999
"1030",1559,7,33,1.294,0.239,0.619,0.685,0.652,0.636,-99.999,-99.999
"1031",1560,7,33,1.503,0.242,0.619,0.685,0.652,0.636,-99.999,-99.999
"1032",1561,7,33,-0.71,0.221,0.623,0.685,0.652,0.636,-99.999,-99.999
"1033",1562,7,33,-1.27,0.193,0.628,0.685,0.656,0.64,-99.999,-99.999
"1034",1563,7,33,-1.179,0.167,0.631,0.685,0.656,0.64,-99.999,-99.999
"1035",1564,7,34,2.72,0.141,0.634,0.685,0.658,0.642,-99.999,-99.999
"1036",1565,7,34,-1.45,0.103,0.634,0.685,0.658,0.642,-99.999,-99.999
"1037",1566,7,34,1.711,0.057,0.634,0.685,0.658,0.642,-99.999,-99.999
"1038",1567,7,34,-0.672,0.001,0.634,0.685,0.658,0.642,-99.999,-99.999
"1039",1568,7,34,0.215,-0.06,0.634,0.685,0.658,0.642,-99.999,-99.999
"1040",1569,7,34,0.533,-0.121,0.634,0.685,0.658,0.642,-99.999,-99.999
"1041",1570,7,35,-1.177,-0.175,0.634,0.685,0.658,0.642,-99.999,-99.999
"1042",1571,7,35,-2.217,-0.213,0.634,0.685,0.658,0.642,-99.999,-99.999
"1043",1572,7,35,0.555,-0.234,0.634,0.685,0.658,0.642,-99.999,-99.999
"1044",1573,7,35,0.733,-0.251,0.634,0.685,0.658,0.642,-99.999,-99.999
"1045",1574,7,35,0.826,-0.274,0.634,0.685,0.658,0.642,-99.999,-99.999
"1046",1575,7,36,-1.106,-0.301,0.634,0.688,0.661,0.645,-99.999,-99.999
"1047",1576,7,36,-1.256,-0.326,0.634,0.688,0.661,0.645,-99.999,-99.999
"1048",1577,7,37,1.407,-0.345,0.634,0.689,0.661,0.645,-99.999,-99.999
"1049",1578,7,37,0.455,-0.36,0.634,0.689,0.661,0.645,-99.999,-99.999
"1050",1579,7,37,-1.277,-0.362,0.635,0.689,0.661,0.645,-99.999,-99.999
"1051",1580,7,37,-2.686,-0.335,0.637,0.689,0.661,0.645,-99.999,-99.999
"1052",1581,7,37,-0.848,-0.271,0.639,0.689,0.661,0.645,-99.999,-99.999
"1053",1582,7,37,0.5,-0.179,0.639,0.689,0.661,0.645,-99.999,-99.999
"1054",1583,7,37,-0.018,-0.078,0.641,0.689,0.663,0.647,-99.999,-99.999
"1055",1584,7,38,0.046,0.021,0.642,0.689,0.663,0.647,-99.999,-99.999
"1056",1585,7,39,-0.43,0.106,0.643,0.689,0.663,0.647,-99.999,-99.999
"1057",1586,7,39,0.583,0.165,0.643,0.689,0.663,0.647,-99.999,-99.999
"1058",1587,7,39,2.249,0.183,0.643,0.689,0.663,0.647,-99.999,-99.999
"1059",1588,7,39,0.814,0.151,0.643,0.689,0.663,0.647,-99.999,-99.999
"1060",1589,7,39,0.938,0.075,0.643,0.689,0.663,0.647,-99.999,-99.999
"1061",1590,7,40,0.31,-0.032,0.643,0.689,0.663,0.647,-99.999,-99.999
"1062",1591,7,40,-1.44,-0.147,0.643,0.689,0.663,0.647,-99.999,-99.999
"1063",1592,7,40,0.587,-0.247,0.643,0.689,0.663,0.647,-99.999,-99.999
"1064",1593,7,40,-2.224,-0.314,0.643,0.689,0.663,0.647,-99.999,-99.999
"1065",1594,7,40,-1.726,-0.333,0.643,0.689,0.663,0.647,-99.999,-99.999
"1066",1595,7,40,-1.716,-0.298,0.643,0.689,0.663,0.647,-99.999,-99.999
"1067",1596,7,41,1.192,-0.221,0.643,0.689,0.663,0.647,-99.999,-99.999
"1068",1597,7,41,1.173,-0.121,0.643,0.689,0.663,0.647,-99.999,-99.999
"1069",1598,7,41,-1.452,-0.009,0.643,0.689,0.663,0.647,-99.999,-99.999
"1070",1599,7,41,2.263,0.112,0.643,0.689,0.663,0.647,-99.999,-99.999
"1071",1600,7,41,-3.049,0.237,0.643,0.689,0.663,0.647,-99.999,-99.999
"1072",1601,7,41,2.196,0.365,0.643,0.689,0.663,0.647,-99.999,-99.999
"1073",1602,7,41,1.832,0.481,0.643,0.689,0.663,0.647,-99.999,-99.999
"1074",1603,7,41,-0.434,0.579,0.643,0.689,0.663,0.647,-99.999,-99.999
"1075",1604,7,42,0.424,0.663,0.644,0.689,0.663,0.647,-99.999,-99.999
"1076",1605,7,42,0.614,0.734,0.644,0.689,0.663,0.647,-99.999,-99.999
"1077",1606,7,42,1.781,0.785,0.645,0.689,0.663,0.647,-99.999,-99.999
"1078",1607,7,43,-1.247,0.814,0.645,0.689,0.663,0.647,-99.999,-99.999
"1079",1608,7,43,2.651,0.821,0.645,0.689,0.663,0.647,-99.999,-99.999
"1080",1609,7,43,-0.201,0.794,0.645,0.689,0.663,0.647,-99.999,-99.999
"1081",1610,7,44,1.96,0.732,0.645,0.689,0.663,0.647,-99.999,-99.999
"1082",1611,7,44,0.894,0.631,0.645,0.689,0.663,0.647,-99.999,-99.999
"1083",1612,7,44,1.93,0.493,0.645,0.689,0.663,0.647,-99.999,-99.999
"1084",1613,7,45,0.081,0.326,0.645,0.689,0.663,0.647,-99.999,-99.999
"1085",1614,7,45,-1.282,0.15,0.645,0.689,0.663,0.647,-99.999,-99.999
"1086",1615,7,45,-0.224,-0.02,0.647,0.689,0.663,0.647,-99.999,-99.999
"1087",1616,7,45,-1.385,-0.177,0.647,0.689,0.663,0.647,-99.999,-99.999
"1088",1617,7,45,2.581,-0.321,0.647,0.689,0.663,0.647,-99.999,-99.999
"1089",1618,7,45,-0.794,-0.454,0.647,0.689,0.663,0.647,-99.999,-99.999
"1090",1619,7,45,-1.794,-0.562,0.649,0.689,0.663,0.647,-99.999,-99.999
"1091",1620,7,45,-2.139,-0.631,0.649,0.689,0.663,0.647,-99.999,-99.999
"1092",1621,7,45,-0.252,-0.658,0.649,0.689,0.663,0.647,-99.999,-99.999
"1093",1622,7,45,-1.289,-0.652,0.649,0.689,0.663,0.647,-99.999,-99.999
"1094",1623,7,45,-1.394,-0.62,0.649,0.689,0.663,0.647,-99.999,-99.999
"1095",1624,7,45,0.965,-0.576,0.649,0.689,0.663,0.647,-99.999,-99.999
"1096",1625,7,45,1.396,-0.538,0.649,0.689,0.663,0.647,-99.999,-99.999
"1097",1626,7,45,-1.336,-0.51,0.649,0.689,0.663,0.647,-99.999,-99.999
"1098",1627,7,46,-0.69,-0.485,0.649,0.689,0.663,0.647,-99.999,-99.999
"1099",1628,7,47,0.113,-0.456,0.649,0.688,0.663,0.647,-99.999,-99.999
"1100",1629,7,47,-1.985,-0.418,0.649,0.688,0.663,0.647,-99.999,-99.999
"1101",1630,7,47,-1.457,-0.368,0.649,0.688,0.663,0.647,-99.999,-99.999
"1102",1631,7,47,1.317,-0.31,0.649,0.688,0.663,0.647,-99.999,-99.999
"1103",1632,7,47,-1.218,-0.258,0.649,0.688,0.663,0.647,-99.999,-99.999
"1104",1633,7,47,2.041,-0.218,0.649,0.688,0.663,0.647,-99.999,-99.999
"1105",1634,7,47,-0.741,-0.195,0.649,0.688,0.662,0.647,-99.999,-99.999
"1106",1635,7,47,-0.3,-0.182,0.649,0.688,0.662,0.647,-99.999,-99.999
"1107",1636,7,48,-0.346,-0.174,0.649,0.688,0.662,0.647,-99.999,-99.999
"1108",1637,7,48,-0.187,-0.165,0.649,0.688,0.662,0.647,-99.999,-99.999
"1109",1638,7,48,-1.123,-0.153,0.649,0.688,0.662,0.647,-99.999,-99.999
"1110",1639,7,49,-2.603,-0.136,0.649,0.688,0.662,0.647,-99.999,-99.999
"1111",1640,7,49,0.275,-0.123,0.649,0.688,0.662,0.647,-99.999,-99.999
"1112",1641,7,49,4.987,-0.141,0.649,0.688,0.662,0.647,-99.999,-99.999
"1113",1642,7,49,-0.263,-0.208,0.649,0.688,0.662,0.647,-99.999,-99.999
"1114",1643,7,49,-0.507,-0.309,0.649,0.688,0.662,0.647,-99.999,-99.999
"1115",1644,7,49,-0.409,-0.424,0.649,0.688,0.662,0.647,-99.999,-99.999
"1116",1645,7,49,-2.588,-0.529,0.65,0.688,0.662,0.647,-99.999,-99.999
"1117",1646,7,49,-1.936,-0.609,0.65,0.688,0.662,0.647,-99.999,-99.999
"1118",1647,7,49,-1.076,-0.66,0.65,0.687,0.662,0.647,-99.999,-99.999
"1119",1648,7,49,1.25,-0.695,0.651,0.684,0.661,0.645,-99.999,-99.999
"1120",1649,7,49,-1.418,-0.725,0.651,0.684,0.658,0.642,-99.999,-99.999
"1121",1650,7,49,1.7,-0.751,0.651,0.684,0.658,0.642,-99.999,-99.999
"1122",1651,7,49,-1.806,-0.773,0.651,0.684,0.658,0.642,-99.999,-99.999
"1123",1652,7,49,-3.167,-0.776,0.651,0.684,0.658,0.642,-99.999,-99.999
"1124",1653,7,50,-0.798,-0.754,0.651,0.684,0.658,0.642,-99.999,-99.999
"1125",1654,7,51,0.711,-0.715,0.651,0.684,0.658,0.642,-99.999,-99.999
"1126",1655,7,51,-1.575,-0.671,0.651,0.684,0.658,0.642,-99.999,-99.999
"1127",1656,7,51,1.365,-0.626,0.651,0.684,0.658,0.642,-99.999,-99.999
"1128",1657,7,51,-2.112,-0.584,0.651,0.684,0.658,0.642,-99.999,-99.999
"1129",1658,7,51,0.006,-0.541,0.651,0.684,0.658,0.642,-99.999,-99.999
"1130",1659,7,51,-0.089,-0.497,0.651,0.683,0.658,0.642,-99.999,-99.999
"1131",1660,7,51,-0.599,-0.451,0.651,0.682,0.656,0.64,-99.999,-99.999
"1132",1661,7,51,-1.343,-0.4,0.651,0.682,0.656,0.64,-99.999,-99.999
"1133",1662,7,51,-0.403,-0.342,0.651,0.681,0.656,0.64,-99.999,-99.999
"1134",1663,7,51,0.027,-0.28,0.651,0.679,0.656,0.64,-99.999,-99.999
"1135",1664,7,51,0.968,-0.221,0.651,0.679,0.656,0.64,-99.999,-99.999
"1136",1665,7,51,-1.453,-0.166,0.651,0.679,0.656,0.64,-99.999,-99.999
"1137",1666,7,52,1.271,-0.111,0.651,0.679,0.656,0.64,-99.999,-99.999
"1138",1667,7,52,-3.722,-0.055,0.651,0.679,0.656,0.64,-99.999,-99.999
"1139",1668,7,52,2.481,0.001,0.651,0.679,0.652,0.637,-99.999,-99.999
"1140",1669,7,52,0.714,0.043,0.651,0.679,0.647,0.631,-99.999,-99.999
"1141",1670,7,52,-0.371,0.063,0.651,0.678,0.647,0.631,-99.999,-99.999
"1142",1671,7,52,-1.801,0.065,0.651,0.676,0.647,0.631,-99.999,-99.999
"1143",1672,7,52,3.737,0.047,0.651,0.675,0.647,0.631,-99.999,-99.999
"1144",1673,7,52,-0.053,-0.001,0.651,0.675,0.647,0.631,-99.999,-99.999
"1145",1674,7,52,-0.246,-0.068,0.651,0.675,0.646,0.63,-99.999,-99.999
"1146",1675,7,52,-0.657,-0.135,0.651,0.675,0.645,0.629,-99.999,-99.999
"1147",1676,7,52,-0.178,-0.189,0.651,0.675,0.644,0.627,-99.999,-99.999
"1148",1677,7,52,-2.548,-0.218,0.651,0.675,0.643,0.627,-99.999,-99.999
"1149",1678,7,52,0.25,-0.215,0.651,0.675,0.643,0.627,-99.999,-99.999
"1150",1679,7,52,-1.457,-0.188,0.651,0.672,0.643,0.627,-99.999,-99.999
"1151",1680,7,52,0.147,-0.147,0.651,0.67,0.643,0.627,-99.999,-99.999
"1152",1681,7,52,3.017,-0.11,0.651,0.665,0.643,0.627,-99.999,-99.999
"1153",1682,7,52,-0.586,-0.09,0.651,0.665,0.643,0.627,-99.999,-99.999
"1154",1683,7,52,-1.506,-0.079,0.651,0.665,0.643,0.627,-99.999,-99.999
"1155",1684,7,52,0.89,-0.069,0.651,0.665,0.643,0.626,-99.999,-99.999
"1156",1685,7,53,0.685,-0.064,0.651,0.665,0.643,0.626,-99.999,-99.999
"1157",1686,7,53,-1.682,-0.058,0.651,0.663,0.643,0.626,-99.999,-99.999
"1158",1687,7,54,0.765,-0.045,0.651,0.663,0.643,0.626,-99.999,-99.999
"1159",1688,7,54,-0.13,-0.026,0.651,0.663,0.643,0.626,-99.999,-99.999
"1160",1689,7,55,0.57,0.002,0.651,0.663,0.643,0.626,-99.999,-99.999
"1161",1690,7,55,-0.96,0.041,0.651,0.663,0.643,0.626,-99.999,-99.999
"1162",1691,7,55,-0.333,0.098,0.651,0.663,0.641,0.625,-99.999,-99.999
"1163",1692,7,55,-0.173,0.17,0.651,0.663,0.641,0.625,-99.999,-99.999
"1164",1693,7,55,0.39,0.253,0.651,0.663,0.641,0.625,-99.999,-99.999
"1165",1694,7,55,2.136,0.336,0.651,0.663,0.641,0.625,-99.999,-99.999
"1166",1695,7,55,-2.723,0.416,0.651,0.663,0.641,0.625,-99.999,-99.999
"1167",1696,7,55,0.762,0.492,0.651,0.663,0.641,0.625,-99.999,-99.999
"1168",1697,7,55,3.912,0.55,0.651,0.663,0.641,0.624,-99.999,-99.999
"1169",1698,7,56,-0.669,0.575,0.651,0.663,0.635,0.619,-99.999,-99.999
"1170",1699,7,56,-0.112,0.575,0.651,0.663,0.635,0.619,-99.999,-99.999
"1171",1700,7,56,0.906,0.552,0.651,0.663,0.635,0.619,-99.999,-99.999
"1172",1701,7,56,1.732,0.504,0.651,0.663,0.635,0.619,-99.999,-99.999
"1173",1702,7,56,1.809,0.431,0.651,0.663,0.635,0.619,-99.999,-99.999
"1174",1703,7,56,-1.54,0.343,0.651,0.663,0.635,0.619,-99.999,-99.999
"1175",1704,7,56,0.778,0.26,0.651,0.663,0.635,0.619,-99.999,-99.999
"1176",1705,7,56,-0.849,0.191,0.651,0.663,0.635,0.619,-99.999,-99.999
"1177",1706,7,56,-1.766,0.145,0.651,0.663,0.635,0.619,-99.999,-99.999
"1178",1707,7,56,2.376,0.122,0.651,0.663,0.635,0.619,-99.999,-99.999
"1179",1708,7,56,-1.914,0.109,0.651,0.663,0.635,0.619,-99.999,-99.999
"1180",1709,7,56,1.851,0.104,0.651,0.663,0.635,0.619,-99.999,-99.999
"1181",1710,7,56,-0.578,0.099,0.651,0.663,0.635,0.619,-99.999,-99.999
"1182",1711,7,56,0.352,0.089,0.651,0.663,0.635,0.619,-99.999,-99.999
"1183",1712,7,56,-0.627,0.072,0.651,0.663,0.635,0.619,-99.999,-99.999
"1184",1713,7,56,0.786,0.044,0.651,0.663,0.635,0.619,-99.999,-99.999
"1185",1714,7,56,-0.983,-0.003,0.651,0.663,0.635,0.619,-99.999,-99.999
"1186",1715,7,56,3.569,-0.074,0.651,0.663,0.635,0.619,-99.999,-99.999
"1187",1716,7,56,1.139,-0.173,0.651,0.663,0.635,0.619,-99.999,-99.999
"1188",1717,7,56,-3.023,-0.279,0.651,0.663,0.635,0.619,-99.999,-99.999
"1189",1718,7,56,-0.875,-0.364,0.651,0.663,0.635,0.619,-99.999,-99.999
"1190",1719,7,56,-0.799,-0.413,0.651,0.663,0.635,0.619,-99.999,-99.999
"1191",1720,7,56,-0.867,-0.421,0.651,0.663,0.635,0.619,-99.999,-99.999
"1192",1721,7,56,-2.991,-0.388,0.651,0.663,0.635,0.619,-99.999,-99.999
"1193",1722,7,56,1.041,-0.321,0.651,0.663,0.635,0.619,-99.999,-99.999
"1194",1723,7,56,0.03,-0.241,0.651,0.663,0.635,0.619,-99.999,-99.999
"1195",1724,7,56,-0.008,-0.166,0.651,0.663,0.635,0.619,-99.999,-99.999
"1196",1725,7,56,1.357,-0.109,0.651,0.663,0.635,0.619,-99.999,-99.999
"1197",1726,7,56,-0.214,-0.078,0.651,0.663,0.635,0.619,-99.999,-99.999
"1198",1727,7,56,1.765,-0.074,0.651,0.663,0.635,0.619,-99.999,-99.999
"1199",1728,7,56,-1.419,-0.091,0.651,0.663,0.635,0.619,-99.999,-99.999
"1200",1729,7,56,-2.708,-0.114,0.651,0.663,0.635,0.619,-99.999,-99.999
"1201",1730,7,56,1.485,-0.14,0.651,0.663,0.635,0.619,-99.999,-99.999
"1202",1731,7,56,0.198,-0.18,0.651,0.663,0.635,0.619,-99.999,-99.999
"1203",1732,7,56,1.27,-0.238,0.651,0.663,0.635,0.619,-99.999,-99.999
"1204",1733,7,56,-0.436,-0.313,0.651,0.663,0.635,0.619,-99.999,-99.999
"1205",1734,7,56,0.157,-0.39,0.651,0.663,0.635,0.619,-99.999,-99.999
"1206",1735,7,56,-2.051,-0.454,0.651,0.663,0.635,0.619,-99.999,-99.999
"1207",1736,7,56,-2.16,-0.489,0.651,0.663,0.635,0.619,-99.999,-99.999
"1208",1737,7,56,0.034,-0.492,0.651,0.663,0.635,0.619,-99.999,-99.999
"1209",1738,7,56,1.534,-0.469,0.651,0.663,0.635,0.619,-99.999,-99.999
"1210",1739,7,56,-2.028,-0.427,0.651,0.663,0.635,0.619,-99.999,-99.999
"1211",1740,7,56,-0.119,-0.357,0.651,0.663,0.635,0.619,-99.999,-99.999
"1212",1741,7,56,-3.019,-0.261,0.651,0.663,0.635,0.619,-99.999,-99.999
"1213",1742,7,56,2.03,-0.144,0.651,0.663,0.635,0.619,-99.999,-99.999
"1214",1743,7,56,-0.053,-0.025,0.651,0.663,0.635,0.619,-99.999,-99.999
"1215",1744,7,56,-0.146,0.085,0.651,0.663,0.635,0.619,-99.999,-99.999
"1216",1745,7,56,1.096,0.181,0.651,0.663,0.635,0.619,-99.999,-99.999
"1217",1746,7,56,1,0.254,0.651,0.663,0.635,0.619,-99.999,-99.999
"1218",1747,7,56,0.189,0.304,0.651,0.663,0.635,0.619,-99.999,-99.999
"1219",1748,7,56,-1.203,0.337,0.651,0.663,0.635,0.619,-99.999,-99.999
"1220",1749,7,56,1.154,0.357,0.651,0.663,0.635,0.619,-99.999,-99.999
"1221",1750,7,56,1.102,0.36,0.651,0.663,0.635,0.619,-99.999,-99.999
"1222",1751,7,56,-1,0.343,0.651,0.663,0.635,0.619,-99.999,-99.999
"1223",1752,7,56,1.888,0.309,0.651,0.663,0.635,0.619,-99.999,-99.999
"1224",1753,7,56,0.636,0.257,0.651,0.663,0.635,0.619,-99.999,-99.999
"1225",1754,7,56,0.7,0.193,0.651,0.663,0.635,0.619,-99.999,-99.999
"1226",1755,7,56,2.104,0.128,0.651,0.663,0.635,0.619,-99.999,-99.999
"1227",1756,7,56,-3.945,0.083,0.651,0.663,0.635,0.619,-99.999,-99.999
"1228",1757,7,56,-1.61,0.085,0.651,0.663,0.635,0.619,-99.999,-99.999
"1229",1758,7,56,0.051,0.133,0.651,0.663,0.635,0.619,-99.999,-99.999
"1230",1759,7,56,-0.707,0.211,0.651,0.663,0.635,0.619,-99.999,-99.999
"1231",1760,7,56,1.095,0.298,0.651,0.663,0.635,0.619,-99.999,-99.999
"1232",1761,7,56,3.257,0.366,0.651,0.663,0.635,0.619,-99.999,-99.999
"1233",1762,7,56,0.93,0.399,0.651,0.663,0.635,0.619,-99.999,-99.999
"1234",1763,7,56,1.073,0.399,0.651,0.663,0.635,0.619,-99.999,-99.999
"1235",1764,7,56,-1.414,0.378,0.651,0.663,0.635,0.619,-99.999,-99.999
"1236",1765,7,56,-0.624,0.351,0.651,0.663,0.635,0.619,-99.999,-99.999
"1237",1766,7,56,1.398,0.319,0.651,0.663,0.635,0.619,-99.999,-99.999
"1238",1767,7,56,0.255,0.278,0.651,0.663,0.635,0.619,-99.999,-99.999
"1239",1768,7,56,0.6,0.229,0.651,0.663,0.635,0.619,-99.999,-99.999
"1240",1769,7,56,0.514,0.173,0.651,0.663,0.635,0.619,-99.999,-99.999
"1241",1770,7,56,-1.165,0.116,0.651,0.663,0.635,0.619,-99.999,-99.999
"1242",1771,7,56,-0.96,0.064,0.651,0.663,0.635,0.619,-99.999,-99.999
"1243",1772,7,56,0.787,0.013,0.651,0.663,0.635,0.619,-99.999,-99.999
"1244",1773,7,56,1.377,-0.046,0.651,0.663,0.635,0.619,-99.999,-99.999
"1245",1774,7,56,-0.137,-0.12,0.651,0.663,0.635,0.619,-99.999,-99.999
"1246",1775,7,56,2.628,-0.203,0.651,0.663,0.635,0.619,-99.999,-99.999
"1247",1776,7,56,-3.537,-0.282,0.651,0.663,0.635,0.619,-99.999,-99.999
"1248",1777,7,56,-1.709,-0.332,0.651,0.663,0.635,0.619,-99.999,-99.999
"1249",1778,7,56,-0.645,-0.348,0.651,0.663,0.635,0.619,-99.999,-99.999
"1250",1779,7,56,0.499,-0.337,0.651,0.663,0.635,0.619,-99.999,-99.999
"1251",1780,7,56,-0.174,-0.31,0.651,0.663,0.635,0.619,-99.999,-99.999
"1252",1781,7,56,0.651,-0.274,0.651,0.663,0.635,0.619,-99.999,-99.999
"1253",1782,7,56,0.138,-0.23,0.651,0.663,0.635,0.619,-99.999,-99.999
"1254",1783,7,56,-3.63,-0.173,0.651,0.663,0.635,0.619,-99.999,-99.999
"1255",1784,7,56,0.406,-0.102,0.651,0.663,0.635,0.619,-99.999,-99.999
"1256",1785,7,56,1.65,-0.033,0.651,0.663,0.635,0.619,-99.999,-99.999
"1257",1786,7,56,-0.203,0.016,0.651,0.663,0.635,0.619,-99.999,-99.999
"1258",1787,7,56,0.334,0.037,0.651,0.663,0.635,0.619,-99.999,-99.999
"1259",1788,7,56,-1.188,0.028,0.651,0.663,0.635,0.619,-99.999,-99.999
"1260",1789,7,56,2.354,-0.018,0.651,0.663,0.635,0.619,-99.999,-99.999
"1261",1790,7,56,1.016,-0.108,0.651,0.663,0.635,0.619,-99.999,-99.999
"1262",1791,7,56,0.703,-0.236,0.651,0.663,0.635,0.619,-99.999,-99.999
"1263",1792,7,56,-0.289,-0.382,0.651,0.663,0.635,0.619,-99.999,-99.999
"1264",1793,7,56,-0.86,-0.519,0.651,0.663,0.635,0.619,-99.999,-99.999
"1265",1794,7,56,-3.069,-0.617,0.651,0.663,0.635,0.619,-99.999,-99.999
"1266",1795,7,56,-2.036,-0.653,0.651,0.663,0.635,0.619,-99.999,-99.999
"1267",1796,7,56,-0.769,-0.624,0.651,0.663,0.635,0.619,-99.999,-99.999
"1268",1797,7,56,-0.462,-0.538,0.651,0.663,0.635,0.619,-99.999,-99.999
"1269",1798,7,56,-1.114,-0.406,0.651,0.663,0.635,0.619,-99.999,-99.999
"1270",1799,7,56,1.065,-0.242,0.651,0.663,0.635,0.619,-99.999,-99.999
"1271",1800,7,56,-3.445,-0.06,0.651,0.663,0.635,0.619,-99.999,-99.999
"1272",1801,7,56,2.686,0.126,0.651,0.663,0.635,0.619,-99.999,-99.999
"1273",1802,7,56,1.976,0.286,0.651,0.663,0.635,0.619,-99.999,-99.999
"1274",1803,7,56,2.02,0.407,0.651,0.663,0.635,0.619,-99.999,-99.999
"1275",1804,7,56,-0.645,0.49,0.651,0.663,0.635,0.619,-99.999,-99.999
"1276",1805,7,56,0.08,0.549,0.651,0.663,0.635,0.619,-99.999,-99.999
"1277",1806,7,56,1.431,0.594,0.651,0.663,0.635,0.619,-99.999,-99.999
"1278",1807,7,56,-1.63,0.629,0.651,0.663,0.635,0.619,-99.999,-99.999
"1279",1808,7,56,0.794,0.659,0.651,0.663,0.635,0.619,-99.999,-99.999
"1280",1809,7,56,0.105,0.678,0.651,0.663,0.635,0.619,-99.999,-99.999
"1281",1810,7,56,2.906,0.676,0.651,0.663,0.635,0.619,-99.999,-99.999
"1282",1811,7,56,1.589,0.64,0.651,0.663,0.635,0.619,-99.999,-99.999
"1283",1812,7,56,0.048,0.576,0.651,0.663,0.635,0.619,-99.999,-99.999
"1284",1813,7,56,0.364,0.497,0.651,0.663,0.635,0.619,-99.999,-99.999
"1285",1814,7,56,0.202,0.414,0.651,0.663,0.635,0.619,-99.999,-99.999
"1286",1815,7,56,-0.133,0.336,0.651,0.663,0.635,0.619,-99.999,-99.999
"1287",1816,7,56,0.122,0.27,0.651,0.663,0.635,0.619,-99.999,-99.999
"1288",1817,7,56,-1.773,0.219,0.651,0.663,0.635,0.619,-99.999,-99.999
"1289",1818,7,56,0.778,0.182,0.651,0.663,0.635,0.619,-99.999,-99.999
"1290",1819,7,56,1.601,0.144,0.651,0.663,0.635,0.619,-99.999,-99.999
"1291",1820,7,56,1.352,0.094,0.651,0.663,0.635,0.619,-99.999,-99.999
"1292",1821,7,56,0.186,0.034,0.651,0.663,0.635,0.619,-99.999,-99.999
"1293",1822,7,56,-1.786,-0.024,0.651,0.663,0.635,0.619,-99.999,-99.999
"1294",1823,7,56,-1.157,-0.068,0.651,0.663,0.635,0.619,-99.999,-99.999
"1295",1824,7,56,-0.62,-0.098,0.651,0.663,0.635,0.619,-99.999,-99.999
"1296",1825,7,56,1.581,-0.125,0.651,0.663,0.635,0.619,-99.999,-99.999
"1297",1826,7,56,1.406,-0.163,0.651,0.663,0.635,0.619,-99.999,-99.999
"1298",1827,7,56,-0.111,-0.214,0.651,0.663,0.635,0.619,-99.999,-99.999
"1299",1828,7,56,-0.88,-0.265,0.651,0.663,0.635,0.619,-99.999,-99.999
"1300",1829,7,56,-3.235,-0.301,0.651,0.663,0.635,0.619,-99.999,-99.999
"1301",1830,7,56,0.645,-0.317,0.651,0.663,0.635,0.619,-99.999,-99.999
"1302",1831,7,56,-0.875,-0.326,0.651,0.663,0.635,0.619,-99.999,-99.999
"1303",1832,7,56,2.332,-0.339,0.651,0.663,0.635,0.619,-99.999,-99.999
"1304",1833,7,56,-0.466,-0.366,0.651,0.663,0.635,0.619,-99.999,-99.999
"1305",1834,7,56,-3.212,-0.402,0.651,0.663,0.635,0.619,-99.999,-99.999
"1306",1835,7,56,0.85,-0.439,0.651,0.663,0.635,0.619,-99.999,-99.999
"1307",1836,7,56,1.77,-0.49,0.651,0.663,0.635,0.619,-99.999,-99.999
"1308",1837,7,56,-1.348,-0.556,0.651,0.663,0.635,0.619,-99.999,-99.999
"1309",1838,7,56,0.529,-0.627,0.651,0.663,0.635,0.619,-99.999,-99.999
"1310",1839,7,56,-3.328,-0.688,0.651,0.663,0.635,0.619,-99.999,-99.999
"1311",1840,7,56,0.04,-0.726,0.651,0.663,0.635,0.619,-99.999,-99.999
"1312",1841,7,56,-1.571,-0.74,0.651,0.663,0.635,0.619,-99.999,-99.999
"1313",1842,7,56,0.269,-0.73,0.651,0.663,0.635,0.619,-99.999,-99.999
"1314",1843,7,56,-2.318,-0.698,0.651,0.663,0.635,0.619,-99.999,-99.999
"1315",1844,7,56,-1.479,-0.645,0.651,0.663,0.635,0.619,-99.999,-99.999
"1316",1845,7,56,2.83,-0.581,0.651,0.663,0.635,0.619,-99.999,-99.999
"1317",1846,7,56,-1.923,-0.519,0.651,0.663,0.635,0.619,-99.999,-99.999
"1318",1847,7,56,0.135,-0.452,0.651,0.663,0.635,0.619,-99.999,-99.999
"1319",1848,7,56,-1.644,-0.379,0.651,0.663,0.635,0.619,-99.999,-99.999
"1320",1849,7,56,-0.351,-0.296,0.651,0.663,0.635,0.619,-99.999,-99.999
"1321",1850,7,56,0.197,-0.209,0.651,0.663,0.635,0.619,-99.999,-99.999
"1322",1851,7,56,-0.08,-0.123,0.651,0.663,0.635,0.619,-99.999,-99.999
"1323",1852,7,56,-0.72,-0.044,0.651,0.663,0.635,0.619,-99.999,-99.999
"1324",1853,7,56,1.833,0.026,0.651,0.663,0.635,0.619,-99.999,-99.999
"1325",1854,7,56,-0.015,0.081,0.651,0.663,0.635,0.619,-99.999,-99.999
"1326",1855,7,56,-0.56,0.124,0.651,0.663,0.635,0.619,-99.999,-99.999
"1327",1856,7,56,0.37,0.164,0.651,0.663,0.635,0.619,-99.999,-99.999
"1328",1857,7,56,0.578,0.201,0.651,0.663,0.635,0.619,-99.999,-99.999
"1329",1858,7,56,-1.312,0.239,0.651,0.663,0.635,0.619,-99.999,-99.999
"1330",1859,7,56,-0.927,0.28,0.651,0.663,0.635,0.619,-99.999,-99.999
"1331",1860,7,56,1.387,0.316,0.651,0.663,0.635,0.619,-99.999,-99.999
"1332",1861,7,56,1.881,0.33,0.651,0.663,0.635,0.619,-99.999,-99.999
"1333",1862,7,56,2.723,0.313,0.651,0.663,0.635,0.619,-99.999,-99.999
"1334",1863,7,56,-2.037,0.27,0.651,0.663,0.635,0.619,-99.999,-99.999
"1335",1864,7,56,-1.161,0.223,0.651,0.663,0.635,0.619,-99.999,-99.999
"1336",1865,7,56,-1.653,0.178,0.651,0.663,0.635,0.619,-99.999,-99.999
"1337",1866,7,56,4.323,0.128,0.651,0.663,0.635,0.619,-99.999,-99.999
"1338",1867,7,56,0.58,0.056,0.651,0.663,0.635,0.619,-99.999,-99.999
"1339",1868,7,56,1.024,-0.028,0.651,0.663,0.635,0.619,-99.999,-99.999
"1340",1869,7,56,-2.302,-0.103,0.651,0.663,0.635,0.619,-99.999,-99.999
"1341",1870,7,56,-1.475,-0.143,0.651,0.663,0.635,0.619,-99.999,-99.999
"1342",1871,7,56,-0.897,-0.138,0.651,0.663,0.635,0.619,-99.999,-99.999
"1343",1872,7,56,-0.078,-0.09,0.651,0.663,0.635,0.619,-99.999,-99.999
"1344",1873,7,56,0.389,-0.009,0.651,0.663,0.635,0.619,-99.999,-99.999
"1345",1874,7,56,-0.581,0.094,0.651,0.663,0.635,0.619,-99.999,-99.999
"1346",1875,7,56,-1.282,0.211,0.651,0.663,0.635,0.619,-99.999,-99.999
"1347",1876,7,56,1.791,0.327,0.651,0.663,0.635,0.619,-99.999,-99.999
"1348",1877,7,56,1.361,0.418,0.651,0.663,0.635,0.619,-99.999,-99.999
"1349",1878,7,56,1.388,0.47,0.651,0.663,0.635,0.619,-99.999,-99.999
"1350",1879,7,56,0.189,0.477,0.651,0.663,0.635,0.619,-99.999,-99.999
"1351",1880,7,56,0.804,0.443,0.651,0.663,0.635,0.619,-99.999,-99.999
"1352",1881,7,56,1.383,0.369,0.651,0.663,0.635,0.619,-99.999,-99.999
"1353",1882,7,56,0.393,0.261,0.651,0.663,0.635,0.619,-99.999,-99.999
"1354",1883,7,56,-1.669,0.133,0.651,0.663,0.635,0.619,-99.999,-99.999
"1355",1884,7,56,1.345,-0.003,0.651,0.663,0.635,0.619,-99.999,-99.999
"1356",1885,7,56,0.787,-0.142,0.651,0.663,0.635,0.619,-99.999,-99.999
"1357",1886,7,56,-1.486,-0.274,0.651,0.663,0.635,0.619,-99.999,-99.999
"1358",1887,7,56,0.32,-0.382,0.651,0.663,0.635,0.619,-99.999,-99.999
"1359",1888,7,56,-1.121,-0.453,0.651,0.663,0.635,0.619,-99.999,-99.999
"1360",1889,7,56,-3.148,-0.474,0.651,0.663,0.635,0.619,-99.999,-99.999
"1361",1890,7,56,-1.187,-0.439,0.651,0.663,0.635,0.619,-99.999,-99.999
"1362",1891,7,56,0.74,-0.362,0.651,0.663,0.635,0.619,-99.999,-99.999
"1363",1892,7,56,-0.602,-0.264,0.651,0.663,0.635,0.619,-99.999,-99.999
"1364",1893,7,56,0.012,-0.16,0.651,0.663,0.635,0.619,-99.999,-99.999
"1365",1894,7,56,3.943,-0.067,0.651,0.663,0.635,0.619,-99.999,-99.999
"1366",1895,7,56,-2.6,0.008,0.651,0.663,0.635,0.619,-99.999,-99.999
"1367",1896,7,56,0.538,0.076,0.651,0.663,0.635,0.619,-99.999,-99.999
"1368",1897,7,56,0.04,0.142,0.651,0.663,0.635,0.619,-99.999,-99.999
"1369",1898,7,56,-2.094,0.209,0.651,0.663,0.635,0.619,-99.999,-99.999
"1370",1899,7,56,1.678,0.274,0.651,0.663,0.635,0.619,-99.999,-99.999
"1371",1900,7,56,1.841,0.324,0.651,0.663,0.635,0.619,1.533,1.567
"1372",1901,7,56,0.454,0.351,0.651,0.663,0.635,0.619,1.439,1.421
"1373",1902,7,56,-0.196,0.363,0.651,0.663,0.635,0.619,1.914,1.276
"1374",1903,7,56,0.093,0.367,0.651,0.663,0.635,0.619,1.114,1.131
"1375",1904,7,56,0.352,0.368,0.651,0.663,0.635,0.619,0.974,0.991
"1376",1905,7,56,-0.589,0.366,0.651,0.663,0.635,0.619,0.087,0.863
"1377",1906,7,56,0.747,0.362,0.651,0.663,0.635,0.619,0.845,0.751
"1378",1907,7,56,1.506,0.349,0.651,0.663,0.635,0.619,1.749,0.654
"1379",1908,7,56,0.327,0.323,0.651,0.663,0.635,0.619,0.881,0.574
"1380",1909,7,56,0.631,0.291,0.651,0.663,0.635,0.619,-0.917,0.518
"1381",1910,7,56,-2.061,0.258,0.651,0.663,0.635,0.619,-1.498,0.497
"1382",1911,7,56,0.081,0.231,0.651,0.663,0.635,0.619,-0.536,0.508
"1383",1912,7,56,0.813,0.201,0.651,0.663,0.635,0.619,2.272,0.533
"1384",1913,7,56,1.75,0.154,0.651,0.663,0.635,0.619,2.246,0.545
"1385",1914,7,56,-0.383,0.085,0.651,0.663,0.635,0.619,-0.378,0.53
"1386",1915,7,56,-0.868,-0.003,0.651,0.663,0.635,0.619,-1.18,0.486
"1387",1916,7,56,2.987,-0.107,0.651,0.663,0.635,0.619,4.557,0.406
"1388",1917,7,56,-1.612,-0.226,0.651,0.663,0.635,0.619,0.855,0.278
"1389",1918,7,56,-2.357,-0.343,0.651,0.663,0.635,0.619,-1.827,0.113
"1390",1919,7,56,-0.116,-0.448,0.651,0.663,0.635,0.619,-1.059,-0.07
"1391",1920,7,56,-1.347,-0.545,0.651,0.663,0.635,0.619,0.053,-0.263
"1392",1921,7,56,2.048,-0.642,0.651,0.663,0.635,0.619,1.532,-0.47
"1393",1922,7,56,-1.885,-0.745,0.651,0.663,0.635,0.619,-0.841,-0.689
"1394",1923,7,56,0.24,-0.849,0.651,0.663,0.635,0.619,-0.04,-0.907
"1395",1924,7,56,-3.437,-0.946,0.651,0.663,0.635,0.619,-3.467,-1.106
"1396",1925,7,56,0.504,-1.031,0.651,0.663,0.635,0.619,-1.001,-1.266
"1397",1926,7,56,-2.462,-1.109,0.651,0.663,0.635,0.619,-3.299,-1.381
"1398",1927,7,56,0.8,-1.18,0.651,0.663,0.635,0.619,-0.015,-1.451
"1399",1928,7,56,-0.369,-1.25,0.651,0.663,0.635,0.619,-1.452,-1.485
"1400",1929,7,56,-2.257,-1.31,0.651,0.663,0.635,0.619,-1.596,-1.485
"1401",1930,7,56,-1.567,-1.346,0.651,0.663,0.635,0.619,-2.311,-1.451
"1402",1931,7,56,-3.366,-1.347,0.651,0.663,0.635,0.619,-1.973,-1.387
"1403",1932,7,56,-0.243,-1.31,0.651,0.663,0.635,0.619,-0.159,-1.301
"1404",1933,7,56,-0.437,-1.243,0.651,0.663,0.635,0.619,-0.114,-1.205
"1405",1934,7,56,-2.32,-1.149,0.651,0.663,0.635,0.619,-2.591,-1.105
"1406",1935,7,56,-0.917,-1.026,0.651,0.663,0.635,0.619,-1.715,-0.997
"1407",1936,7,56,-1.708,-0.878,0.651,0.663,0.635,0.619,0.263,-0.889
"1408",1937,7,56,0.018,-0.711,0.651,0.663,0.635,0.619,1.451,-0.793
"1409",1938,7,56,0.482,-0.537,0.651,0.663,0.635,0.619,-0.828,-0.71
"1410",1939,7,56,-2.336,-0.361,0.651,0.663,0.635,0.619,-2.59,-0.626
"1411",1940,7,56,-0.666,-0.183,0.651,0.663,0.635,0.619,-1.672,-0.527
"1412",1941,7,56,0.594,-0.018,0.651,0.663,0.635,0.619,-0.292,-0.415
"1413",1942,7,56,2.319,0.116,0.651,0.663,0.635,0.619,1.026,-0.301
"1414",1943,7,56,2.025,0.209,0.651,0.663,0.635,0.619,1.451,-0.194
"1415",1944,7,56,-1.045,0.266,0.651,0.663,0.635,0.619,-2.09,-0.094
"1416",1945,7,56,-0.857,0.308,0.651,0.663,0.635,0.619,-0.446,0.011
"1417",1946,7,56,1.118,0.347,0.651,0.663,0.635,0.619,0.269,0.12
"1418",1947,7,56,-0.835,0.387,0.651,0.663,0.635,0.619,-0.713,0.227
"1419",1948,7,56,1.119,0.433,0.651,0.663,0.635,0.619,3.696,0.324
"1420",1949,7,56,-0.589,0.485,0.651,0.663,0.635,0.619,-1.157,0.404
"1421",1950,7,56,0.816,0.542,0.651,0.663,0.635,0.619,0.746,0.477
"1422",1951,7,56,-0.409,0.601,0.651,0.663,0.635,0.619,-1.056,0.549
"1423",1952,7,56,-0.022,0.653,0.651,0.663,0.635,0.619,-0.506,0.622
"1424",1953,7,56,2.765,0.685,0.651,0.663,0.635,0.619,2.243,0.686
"1425",1954,7,56,2.323,0.681,0.651,0.663,0.635,0.619,1.525,0.725
"1426",1955,7,56,-1.164,0.639,0.651,0.663,0.635,0.619,0.188,0.731
"1427",1956,7,56,2.459,0.568,0.651,0.663,0.635,0.619,2.339,0.705
"1428",1957,7,56,1.132,0.473,0.651,0.663,0.635,0.619,0.777,0.645
"1429",1958,7,56,-0.527,0.366,0.651,0.663,0.635,0.619,-0.236,0.563
"1430",1959,7,56,-1.24,0.269,0.651,0.663,0.635,0.619,-0.033,0.47
"1431",1960,7,56,-0.866,0.193,0.651,0.663,0.635,0.619,0.192,0.373
"1432",1961,7,56,-0.431,0.139,0.651,0.663,0.635,0.619,0.219,0.273
"1433",1962,7,56,1.026,0.096,0.651,0.663,0.635,0.619,0.107,0.169
"1434",1963,7,56,1.124,0.05,0.651,0.663,0.635,0.619,1.693,0.061
"1435",1964,7,56,0.533,-0.008,0.651,0.663,0.635,0.619,0.573,-0.051
"1436",1965,7,56,1.512,-0.074,0.651,0.663,0.635,0.619,-0.267,-0.155
"1437",1966,7,56,-1.971,-0.139,0.651,0.663,0.635,0.619,-2.184,-0.231
"1438",1967,7,56,-1.211,-0.187,0.651,0.663,0.635,0.619,-1.564,-0.264
"1439",1968,7,56,-1.356,-0.208,0.651,0.663,0.635,0.619,-0.402,-0.252
"1440",1969,7,56,1.037,-0.209,0.651,0.663,0.635,0.619,0.321,-0.207
"1441",1970,7,56,-0.577,-0.201,0.651,0.663,0.635,0.619,-1.212,-0.141
"1442",1971,7,56,1.405,-0.19,0.651,0.663,0.635,0.619,1.613,-0.067
"1443",1972,7,56,0.827,-0.18,0.651,0.663,0.635,0.619,1.276,0.002
"1444",1973,7,56,-2.958,-0.163,0.651,0.663,0.635,0.619,-2.269,0.061
"1445",1974,7,56,1.337,-0.128,0.651,0.663,0.635,0.619,2.208,0.114
"1446",1975,7,56,-0.233,-0.076,0.651,0.663,0.635,0.619,0.585,0.154
"1447",1976,7,56,-0.34,-0.005,0.651,0.663,0.635,0.619,0.699,0.186
"1448",1977,7,56,-2.376,0.089,0.651,0.663,0.635,0.619,-2.628,0.221
"1449",1978,7,56,1.553,0.203,0.651,0.663,0.635,0.619,0.931,0.27
"1450",1979,7,-99,-0.986,0.319,-99.999,-99.999,-99.999,-99.999,-1.347,0.327
"1451",1980,7,-99,1.155,0.423,-99.999,-99.999,-99.999,-99.999,0.841,0.384
"1452",1981,7,-99,1.033,0.494,-99.999,-99.999,-99.999,-99.999,1.02,0.422
"1453",1982,7,-99,1.086,0.518,-99.999,-99.999,-99.999,-99.999,0.778,0.424
"1454",1983,7,-99,2.977,0.482,-99.999,-99.999,-99.999,-99.999,2.739,0.379
"1455",1984,7,-99,3.011,0.385,-99.999,-99.999,-99.999,-99.999,2.926,0.283
"1456",1985,7,-99,-1.772,0.247,-99.999,-99.999,-99.999,-99.999,-1.657,0.152
"1457",1986,7,-99,-0.508,0.105,-99.999,-99.999,-99.999,-99.999,-0.819,0.018
"1458",1987,7,-99,-1.832,-0.015,-99.999,-99.999,-99.999,-99.999,-1.773,-0.093
"1459",1988,7,-99,-0.423,-0.095,-99.999,-99.999,-99.999,-99.999,0.066,-0.166
"1460",1989,7,-99,-0.299,-0.131,-99.999,-99.999,-99.999,-99.999,-0.673,-0.201
"1461",1990,7,-99,-0.458,-0.125,-99.999,-99.999,-99.999,-99.999,-0.42,-0.196
"1462",1991,-99,-99,0.171,-0.081,-99.999,-99.999,-99.999,-99.999,0.064,-0.156
"1463",1992,-99,-99,-3.456,-0.003,-99.999,-99.999,-99.999,-99.999,-3.472,-0.084
"1464",1993,-99,-99,2.903,0.097,-99.999,-99.999,-99.999,-99.999,2.727,0.009
"1465",1994,-99,-99,-2.268,0.191,-99.999,-99.999,-99.999,-99.999,-2.313,0.097
"1466",1995,-99,-99,1.025,0.262,-99.999,-99.999,-99.999,-99.999,0.896,0.162
"1467",1996,-99,-99,2.56,0.279,-99.999,-99.999,-99.999,-99.999,2.393,0.176
"1468",1997,-99,-99,2.55,0.218,-99.999,-99.999,-99.999,-99.999,2.384,0.114
"1469",1998,-99,-99,-0.499,0.074,-99.999,-99.999,-99.999,-99.999,-0.589,-0.028
"1470",1999,-99,-99,1.04,-0.139,-99.999,-99.999,-99.999,-99.999,0.911,-0.238
"1471",2000,-99,-99,-0.705,-0.407,-99.999,-99.999,-99.999,-99.999,-0.79,-0.5
"1472",2001,-99,-99,-1.993,-0.707,-99.999,-99.999,-99.999,-99.999,-2.046,-0.794
"1473",2002,-99,-99,-1.542,-1.022,-99.999,-99.999,-99.999,-99.999,-1.606,-1.102
"1474",2003,-99,-99,-1.679,-1.34,-99.999,-99.999,-99.999,-99.999,-1.739,-1.414
