site,sample_id,species,sample_ht_cm,d10_mm,pith,outer_ring,inner_ring,latitude,longitude
22,W02201,PSME,10,13,1790,1929,1790,43.69918,-122.54073
22,W02202,PSME,10,11,1789,1932,1789,43.69913,-122.54082
22,W02203,PSME,12,13,1792,1920,1794,43.69898,-122.54099
22,W02204,PSME,5,19,1790,1928,1790,43.69886,-122.54093
22,W02205,PSME,1,11,1788,1933,1788,43.69887,-122.54094
22,W02206,PSME,8,12,1790,1939,1790,43.69899,-122.54068
22,W02207,PSME,14,19,1789,1942,1791,43.69897,-122.54109
22,W02208,PSME,37,10,1790,1865,1790,43.69909,-122.54103
22,W02209,PSME,76,22,1798,1893,1798,43.69918,-122.54125
22,W02210,PSME,13,19,1794,1935,1794,43.69899,-122.54133
22,W02211,PSME,10,28,1792,1907,1795,43.69946,-122.54134
22,W02212,PSME,26,24,1795,1888,1795,43.69933,-122.54128
22,W02214,PSME,17,25,1799,1921,1799,43.69942,-122.54085
22,W02215,PSME,31,8,1795,1962,1795,43.69941,-122.54042
22,W02216,PSME,55,29,1782,1922,1782,43.69938,-122.54057
23,W02301,PSME,70,11,1578,1940,1578,43.865162,-122.469541
23,W02302,PSME,20,13,1573,1875,1573,43.865341,-122.469578
23,W02303,PSME,50,7,1565,1898,1565,43.865332,-122.469283
23,W02304,PSME,40,25,1635,1883,1635,43.865512,-122.469332
23,W02305,PSME,60,23,1628,1952,1628,43.865731,-122.469186
23,W02306,PSME,70,14,1581,1895,1581,43.86527,-122.469643
23,W02307,PSME,30,16,1636,1873,1636,43.865254,-122.469176
23,W02308,PSME,110,29,1632,1942,1632,43.865126,-122.468976
23,W02309,PSME,40,9,1592,1886,1592,43.865011,-122.468761
23,W02310A,PSME,109,38,1590,1894,1590,43.86431,-122.47012
23,W02310B,PSME,109,na,na,1970,1689,43.86431,-122.47012
23,W02311,PSME,26,NA,NA,1930,1668,43.86428,-122.4701
23,W02312A,PSME,57,18,1586,1717,1586,43.86424,-122.47018
23,W02312B,PSME,57,8,NA,1943,1812,43.86424,-122.47018
23,W02313A,PSME,65,19,1585,1885,1585,43.86431,-122.46985
23,W02313B,PSME,65,14,NA,1908,1667,43.86431,-122.46985
23,W02314,PSME,56,17,1577,1661,1577,43.86451,-122.46992
23,W02315,PSME,80,19,1583,1938,1583,43.86388,-122.46996
23,W02316,PSME,86,23,1587,1936,1587,43.86386,-122.46488
24,W02401A,PSME,NA,NA,NA,1665,1521,43.64443,-122.03935
24,W02401B,PSME,NA,NA,NA,2016,1806,43.64443,-122.03935
24,W02402,ABPR,NA,44,1756,1988,1756,43.6443,-122.03999
24,W02403,ABPR,25,9,1789,2015,1789,43.64391,-122.04015
24,W02404,ABPR,40,5,1823,2012,1823,43.64431,-122.04042
24,W02405,ABPR,185,22,1786,2015,1786,43.64426,-122.0405
24,W02406,ABPR,118,16,1732,2014,1732,43.64428,-122.03836
24,W02407,ABPR,81,15,1707,2001,1711,43.64427,-122.03798
24,W02408,ABAM,65,8,1875,2015,1875,43.64422,-122.03783
24,W02409,TSME,45,15,1695,1950,1695,43.64414,-122.03786
24,W02410,TSME,70,3,1810,2015,1810,43.644617,-122.039114
24,W02411,PSME,10,5,1776,2016,1776,43.645316,-122.03962
24,W02412,ABPR,60,8,1756,1982,1756,43.645663,-122.038952
24,W02413,ABPR,190,NA,NA,1999,1699,43.645543,-122.038688
24,W02414,PSME,100,17,1448,1826,1448,43.645171,-122.038899
24,W02415,PSME,50,NA,NA,1835,1686,43.645703,-122.038217
24,W02416,PSME,NA,NA,NA,1776,1510,43.646324,-122.038095
24,W02417,ABPR,60,13,1811,1969,1811,43.646949,-122.038549
24,W02418,PIPO,20,24,1711,1864,1711,43.64738,-122.037909
24,W02419,ABPR,100,34,1790,2015,1792,43.647644,-122.038472
24,W02420,PSME,55,22,1697,2015,1697,43.64653,-122.0379
24,W02421,ABPR,75,NA,NA,2015,1805,43.64418,-122.0378
24,W02422,PSME,48,NA,NA,1788,1644,43.64656,-122.03815
25,W02501A,PSME,50,NA,NA,1914,1613,43.8969,-122.59104
25,W02501B,PSME,50,30,1569,1774,1569,43.8969,-122.59104
25,W02502,PSME,45,NA,NA,1889,1674,43.89697,-122.59107
25,W02503A,PSME,40,34,1565,1903,1568,43.89694,-122.59108
25,W02503B,PSME,40,NA,NA,1902,1700,43.89694,-122.59108
25,W02504,PSME,45,NA,NA,1917,1660,43.89683,-122.59117
25,W02505A,PSME,18,19,1567,1911,1567,43.89683,-122.59117
25,W02505B,PSME,18,NA,NA,1888,1730,43.89683,-122.59117
25,W02506,PSME,40,42,1564,1817,1565,43.89708,-122.59081
25,W02507,PSME,28,NA,NA,1920,1696,43.89692,-122.59069
25,W02508,PSME,35,32,1569,1878,1569,43.89685,-122.58991
25,W02509A,PSME,20,22,1564,1923,1564,43.8969,-122.59044
25,W02509B,PSME,20,NA,NA,1930,1624,43.8969,-122.59044
25,W02510,PSME,33,27,1569,1731,1569,43.89676,-122.58978
25,W02511A,PSME,28,30,1568,1906,1568,43.89677,-122.59026
25,W02511B,PSME,28,NA,NA,1911,1616,43.89677,-122.59026
25,W02512A,PSME,53,39,1570,1854,1570,43.89676,-122.58974
25,W02512B,PSME,53,NA,NA,1889,1676,43.89676,-122.58974
25,W02513A,PSME,45,29,1563,1896,1563,43.89683,-122.59018
25,W02513B,PSME,45,NA,NA,1922,1601,43.89683,-122.59018
25,W02514,PSME,48,30,1565,1856,1565,43.89657,-122.58974
25,W02515A,PSME,52,32,1565,1904,1566,43.89629,-122.59107
25,W02515B,PSME,52,NA,NA,1906,1738,43.89629,-122.59107
25,W02515C,PSME,52,NA,NA,1914,1731,43.89629,-122.59107
25,W02516,PSME,47,34,1568,1887,1568,43.89665,-122.58986
25,W02517A,PSME,50,NA,NA,1907,1664,43.89694,-122.5902
25,W02517B,PSME,50,NA,NA,1956,1776,43.89694,-122.5902
26,W02601,PSME,40,11,1552,1944,1552,43.837034,-122.247744
26,W02602,PSME,75,NA,NA,1868,1547,43.836794,-122.247757
26,W02603,PSME,50,24,1521,1938,1521,43.836723,-122.247881
26,W02604,PSME,35,19,1538,1934,1538,43.836612,-122.24785
26,W02605A,PSME,63,15,1555,1884,1555,43.836515,-122.247998
26,W02605B,PSME,63,NA,NA,1908,1608,43.836515,-122.247998
26,W02606,PSME,NA,22,1537,1663,1537,43.836546,-122.247867
26,W02607,PSME,114,10,1558,1917,1563,43.836306,-122.248088
26,W02608A,PSME,NA,11,1556,1959,1556,43.836962,-122.246619
26,W02608B,PSME,NA,12,1558,1877,1558,43.836962,-122.246619
26,W02609A,PSME,60,5,1558,1876,1558,43.836928,-122.24654
26,W02609B,PSME,60,6,1557,1863,1557,43.836928,-122.24654
26,W02610A,PSME,52,28,1551,1863,1551,43.83611,-122.24789
26,W02610B,PSME,52,NA,NA,1864,1726,43.83611,-122.24789
26,W02611A,PSME,41,16,1532,1795,1532,43.83596,-122.24782
26,W02611B,PSME,41,NA,NA,1882,1634,43.83596,-122.24782
26,W02612A,PSME,48,12,1538,1905,1538,43.83593,-122.248
26,W02612B,PSME,48,NA,NA,1774,1672,43.83593,-122.248
26,W02613,PSME,38,9,1557,1878,1557,43.83633,-122.24785
26,W02614,PSME,50,NA,NA,1939,1732,43.8359,-122.24801
26,W02615A,PSME,52,15,1541,1834,1541,43.83585,-122.24818
26,W02615B,PSME,52,NA,NA,1899,1676,43.83585,-122.24818
26,W02616,PSME,21,8,1494,1877,1494,43.836442,-122.247133
28,W02801,PSME,10,NA,NA,1945,1857,43.80647,-122.45479
28,W02802,PSME,12,NA,NA,1928,1838,43.80638,-122.4547
28,W02803,PSME,30,15,1748,1931,1748,43.80624,-122.45509
28,W02804,PSME,15,14,1743,1964,1743,43.80622,-122.45509
28,W02805,PSME,12,6,1794,1894,1794,43.80653,-122.455
28,W02806,PSME,12,6,1796,1950,1796,43.80657,-122.45503
28,W02807,PSME,41,15,1745,1902,1745,43.80679,-122.45513
28,W02808,PSME,35,15,1752,1932,1752,43.80678,-122.45505
28,W02809,PSME,25,8,1800,1941,1800,43.80666,-122.45521
28,W02810,PSME,36,8,1790,1949,1790,43.8066,-122.45538
28,W02811,PSME,10,NA,NA,1913,1824,43.80662,-122.45528
28,W02812,PSME,28,10,1748,1927,1748,43.80673,-122.45486
28,W02814,PSME,42,7,1756,1947,1756,43.80678,-122.4548
28,W02815A,PSME,30,9,1515,1772,1515,43.80593,-122.45448
28,W02815B,PSME,30,NA,NA,1950,1737,43.80593,-122.45448
52,W05201,PSME,26,17,1431,1577,1431,45.21339,-122.04594
52,W05202,TSHE,20,20,1436,1583,1436,45.21279,-122.04616
52,W05203,PSME,50,22,1433,1522,1433,45.21276,-122.04614
52,W05204,PSME,35,32,1438,1662,1438,45.21348,-122.04582
52,W05205,PSME,5,26,1433,1775,1433,45.21393,-122.04613
52,W05206,PSME,65,18,1435,1605,1435,45.21385,-122.04642
52,W05207,PSME,76,33,1427,1735,1427,45.21455,-122.04698
52,W05208,PSME,42,17,1436,1642,1436,45.213591,-122.044805
52,W05209,PSME,38,21,1436,1634,1436,45.213232,-122.045084
52,W05210,TSHE,48,12,1445,1556,1445,45.213219,-122.04492
52,W05211,PSME,26,28,1425,1521,1425,45.213239,-122.044779
52,W05212,PSME,52,18,1434,1637,1434,45.213066,-122.045125
52,W05213,PSME,54,,1438,1536,1438,45.213143,-122.04543
52,W05214,PSME,46,16,1467,1655,1467,45.213322,-122.045768
52,W05215,PSME,55,NA,NA,1706,1457,45.214192,-122.045633
52,W05216,PSME,38,34,1427,1891,1427,45.214521,-122.045582
52,W05217,PSME,19,24,1430,1959,1430,45.214627,-122.045738
53,W05301,PSME,15,15,1659,1878,1659,45.11,-121.73363
53,W05302,PSME,28,16,NA,1755,1516,45.110002,-121.734388
53,W05303,PSME,8,2,1477,1916,1477,45.11033,-121.73378
53,W05304,PSME,30,23,NA,1964,1540,45.109918,-121.734435
53,W05305,PSME,6,2,1506,1863,1506,45.1104,-121.73388
53,W05306,PSME,54,6,1265,1669,1265,45.109683,-121.734305
53,W05307,PSME,21,8,1502,1840,1502,45.11013,-121.73415
53,W05308,PSME,45,5,1302,1849,1302,45.109566,-121.733998
53,W05309,PSME,7,NA,NA,1602,1293,45.10936,-121.73385
53,W05311,PSME,17,4,1267,1723,1267,45.1093,-121.73398
53,W05313,PSME,4,21,NA,1781,1410,45.10947,-121.7327
53,W05317,PSME,20,,1425,1875,1425,45.11051,-121.73144
53,W05318,PSME,20,,1464,1887,1464,45.11054,-121.73194
53,W05319,PSME,65,,1273,1681,1273,45.11053,-121.73193
54,W05401,PSME,109,36,1543,1837,1543,45.509198,-122.116662
54,W05402,PSME,43,55,1541,1765,1541,45.50872,-122.11622
54,W05403,PSME,48,37,1507,1605,1507,45.508635,-122.116977
54,W05404,PSME,40,43,1544,1729,1544,45.509,-122.11681
54,W05405,PSME,70,50,1547,1814,1547,45.508763,-122.117339
54,W05406,PSME,50,54,1541,1716,1541,45.50853,-122.11568
54,W05407,PSME,85,50,1545,1814,1545,45.508841,-122.117151
54,W05408,PSME,25,60,1545,1834,1545,45.50831,-122.11546
54,W05409,PSME,55,61,1546,1778,1546,45.50914,-122.117143
54,W05410,PSME,80,NA,NA,1827,1580,45.509921,-122.117041
54,W05411,PSME,55,42,1527,1835,1527,45.508548,-122.11666
54,W05412,PSME,35,47,1489,1765,1489,45.508419,-122.117077
54,W05413,PSME,57,38,1527,1771,1526,45.508401,-122.117069
54,W05414,PSME,63,39,1511,1786,1511,45.508317,-122.117335
54,W05415,PSME,31,48,1508,1799,1508,45.508116,-122.116592
54,W05416,PSME,61,36,1540,1805,1540,45.507895,-122.116305
54,W05417,PSME,145,51,1548,1872,1548,45.509192,-122.11706
54,W05418,PSME,118,59,1545,1834,1545,45.509396,-122.117015
55,W05502,TSME,28,12,1681,1958,1681,45.432681,-121.83066
55,W05503,TSME,25,8,1687,1881,1694,45.432683,-121.83082
55,W05504,TSME,19,8,1716,1872,1716,45.432683,-121.83082
55,W05505,TSME,34,11,1661,1889,1664,45.43268,-121.830786
55,W05506,TSME,40,11,1677,1922,1677,45.432679,-121.830893
55,W05507,TSME,20,13,1655,1966,1655,45.432614,-121.830884
55,W05508,TSME,10,15,1709,1892,1709,45.432683,-121.830888
55,W05509,TSME,32,9,1656,1957,1656,45.432432,-121.830822
55,W05510,TSME,19,0,1683,1916,1683,45.432403,-121.830774
55,W05511,TSME,33,9,1663,1862,1663,45.432462,-121.830206
55,W05512,TSME,20,12,1747,1947,1747,45.43295,-121.831134
55,W05513,PSME,37,16,1745,1890,1745,45.433054,-121.831037
55,W05514,ABPR,8,16,1746,1930,1746,45.433053,-121.831199
55,W05515,TSME,30,11,1750,1908,1750,45.433022,-121.831169
55,W05516,ABAM,38,9,1756,1889,1756,45.433387,-121.830692
56,W05601,PSME,98,NA,NA,1914,1554,45.503286,-122.009818
56,W05602,PSME,120,NA,NA,1848,1513,45.50345,-122.00901
56,W05603,PSME,84,NA,NA,1678,1524,45.503235,-122.009559
56,W05604,PSME,73,56,1507,1684,1510,45.50349,-122.00871
56,W05605,PSME,56,22,1514,1871,1514,45.503185,-122.009618
56,W05606,PSME,57,49,1508,1942,1508,45.5035,-122.00886
56,W05607,PSME,41,37,1506,1695,1506,45.503241,-122.010295
56,W05608,PSME,25,56,1510,1769,1510,45.50375,-122.00868
56,W05609,PSME,87,48,1512,1681,1512,45.502987,-122.010283
56,W05611,PSME,68,33,1508,1796,1508,45.502908,-122.010519
56,W05612,PSME,90,38,1516,1716,1516,45.50379,-122.00946
56,W05613,PSME,24,NA,NA,1769,1609,45.503422,-122.010127
56,W05614,PSME,10,40,1507,1753,1507,45.50374,-122.00878
56,W05615,PSME,34,31,1509,1671,1509,45.503322,-122.010243
56,W05616,PSME,32,NA,NA,1960,1564,45.502552,-122.008837
56,W05617,PSME,83,54,1508,1772,1508,45.503766,-122.009993
56,W05618,PSME,43,39,1517,1759,1517,45.502552,-122.008647
57,W05701,PSME,15,23,1679,1984,1679,45.15673,-121.8057
57,W05702,PSME,35,14,1685,1850,1685,45.157281,-121.805657
57,W05703,TSME,21,8,1693,1824,1693,45.15667,-121.80569
57,W05704,PSME,45,21,1675,1918,1675,45.156652,-121.805403
57,W05705,TSME,25,8,1693,1958,1693,45.15667,-121.8056
57,W05706,PSME,15,6,1687,1984,1687,45.156613,-121.805237
57,W05707,PSME,39,22,1682,1910,1682,45.15651,-121.80502
57,W05708,TSME,20,16,1679,1864,1679,45.156691,-121.80505
57,W05709,TSME,39,4,1703,1922,1703,45.15653,-121.80505
57,W05711,TSME,7,NA,NA,1949,1737,45.15648,-121.80494
57,W05712,PSME,8,20,1693,1909,1693,45.156844,-121.804849
57,W05713,PSME,13,23,1676,1874,1676,45.15702,-121.80488
57,W05714,PSME,20,16,1693,1987,1693,45.15684,-121.805174
57,W05715,PSME,14,18,1686,1879,1686,45.1574,-121.80534
57,W05716,PSME,18,11,1702,1916,1702,45.157265,-121.805456
57,W05717,PSME,23,15,1690,1807,1690,45.15745,-121.80539
57,W05718,PSME,23,17,1686,1968,1686,45.157478,-121.805392
58,W05801,PSME,20,17,1493,1901,1493,45.45277,-121.95048
58,W05802,PSME,31,38,1511,1937,1511,45.45277,-121.95061
58,W05803,PSME,55,29,1514,1819,1514,45.45266,-121.95103
58,W05804,PSME,45,17,1567,1891,1567,45.45291,-121.95058
58,W05805,PSME,55,19,1520,1897,1520,45.45206,-121.95019
58,W05806,TSHE,19,6,1613,1950,1613,45.452688,-121.94989
58,W05807,PSME,39,26,1518,1929,1518,45.45242,-121.94975
58,W05808,ABPR,22,18,1751,1853,1751,45.45259,-121.94978
58,W05809,PSME,21,31,1517,1873,1517,45.45222,-121.94983
58,W05810,PSME,55,NA,NA,1915,1584,45.45214,-121.95038
58,W05811,PSME,28,26,1526,1751,1526,45.452937,-121.950821
58,W05812,PSME,27,33,1514,1966,1514,45.452793,-121.950858
58,W05813,PSME,47,24,1513,1777,1519,45.452779,-121.950826
58,W05814,PSME,23,26,1559,1961,1559,45.452763,-121.951067
58,W05815,PSME,22,14,1550,1697,1550,45.452847,-121.951186
58,W05816,PSME,60,NA,NA,1897,1541,45.452418,-121.950979
58,W05817,PSME,61,20,1521,1927,1521,45.452306,-121.951039
58,W05818,PSME,30,25,1520,1905,1520,45.452304,-121.95088
58,W05819,PSME,32,33,1521,1917,1521,45.452484,-121.950403
58,W05820,PSME,45,19,1569,1950,1569,45.45195,-121.95048
59,W05901,PSME,13,14,1663,1846,1663,44.973355,-121.793355
59,W05902,PSME,15,17,1661,1856,1661,44.973853,-121.793455
59,W05904,PSME,19,12,1662,1988,1662,44.974005,-121.793542
59,W05905,PSME,12,9,1655,1878,1655,44.974195,-121.793391
59,W05907,PSME,22,7,1662,1798,1664,44.974313,-121.793662
59,W05909,PSME,21,9,1655,1878,1655,44.974373,-121.793657
59,W05910,PSME,14,12,1662,1908,1662,44.97418,-121.79355
59,W05911,PSME,18,13,1659,1905,1659,44.974466,-121.793484
59,W05913,PSME,26,8,1654,1899,1654,44.974412,-121.793314
59,W05914,PSME,25,19,1660,1980,1660,44.97394,-121.79317
59,W05915,PSME,11,13,1662,1946,1662,44.97461,-121.793488
59,W05916,PSME,24,12,1663,1944,1663,44.97422,-121.79301
59,W05917,PSME,13,16,1660,1977,1660,44.974629,-121.79363
59,W05918,TSHE,27,9,1662,1813,1662,44.97396,-121.79296
59,W05919,TSHE,28,8,1666,1885,1666,44.974566,-121.793971
59,W05920,TSHE,41,5,1709,1932,1709,44.9744,-121.793
59,W05921,PSME,25,25,1663,1957,1663,44.97503,-121.79476
59,W05922,PSME,25,15,1658,1975,1658,44.975,-121.7948
59,W05923,PSME,25,13,1662,1947,1662,44.9746,-121.79473
59,W05924,PSME,20,20,1665,1927,1665,44.97467,-121.79482
59,W05926,PSME,10,4,1345,1936,1345,44.97328,-121.79328
59,W05927,PSME,30,25,1659,1934,1659,44.97504,-121.79477
60,W06001,PSME,65,40,1719,2007,1719,45.17526,-122.16258
60,W06002,PSME,50,34,1716,1837,1716,45.17563,-122.16227
60,W06003,PSME,65,25,1700,2020,1700,45.17536,-122.16219
60,W06004,PSME,65,20,1740,2020,1740,45.17521,-122.16173
60,W06005,PSME,70,35,1722,2022,1722,45.17547,-122.16207
60,W06006,PSME,80,NA,NA,2014,1731,45.17422,-122.16211
60,W06007,PSME,55,26,1714,1960,1714,45.174,-122.1619
60,W06008,PSME,50,43,1714,2020,1716,45.174,-122.1618
60,W06009,PSME,15,21,1934,2020,1934,45.17397,-122.16199
60,W06010,PSME,15,26,1941,2020,1941,45.17391,-122.16175
60,W06011,PSME,62,46,1714,2020,1714,45.1738,-122.16164
60,W06012,PSME,25,41,1718,2020,1724,45.17381,-122.16138
60,W06013,PSME,65,25,1713,2020,1713,45.17363,-122.16121
60,W06015,PSME,71,40,1934,2020,1934,45.173628,-122.161799
60,W06016,PSME,93,31,1714,1860,1714,45.173655,-122.161365
60,W06017,PSME,60,48,1719,2019,1719,45.17306,-122.161246
60,W06018,PSME,50,16,1771,2020,1771,45.176294,-122.163167
60,W06019,PSME,60,51,1713,2020,1713,45.176274,-122.163163
61,W06101,PSME,44,27,1742,1957,1742,45.01338,-122.09074
61,W06102,PSME,70,16,1730,1918,1730,45.01333,-122.09067
61,W06103,PSME,20,9,1737,1928,1737,45.01341,-122.09076
61,W06104,PSME,24,35,1738,1796,1738,45.01314,-122.09087
61,W06105,PSME,0,9,1735,1945,1735,45.0131,-122.09105
61,W06106,PSME,50,32,1721,1947,1721,45.01297,-122.09103
61,W06107,PSME,25,17,1731,1939,1731,45.01316,-122.09112
61,W06108,PSME,10,11,1730,1926,1730,45.013761,-122.089063
61,W06109,PSME,44,12,1743,1950,1743,45.013598,-122.089227
61,W06110,PSME,9,7,1733,1961,1733,45.01351,-122.089238
61,W06111,PSME,22,13,1732,1943,1732,45.013328,-122.089124
61,W06112,PSME,37,19,1716,1944,1716,45.012978,-122.088998
61,W06113,PSME,40,26,1714,1814,1714,45.012709,-122.089316
61,W06114,PSME,31,25,1715,1934,1715,45.01271,-122.089502
61,W06115,PSME,47,20,1715,1956,1715,45.012711,-122.089661
61,W06116,PSME,31,30,1730,1914,1730,45.012726,-122.089719
61,W06117,PSME,15,21,1734,1924,1734,45.01296,-122.089899
61,W06118,PSME,50,21,1718,1962,1718,45.01327,-122.08991
61,W06119,PSME,52,17,1723,1936,1723,45.013274,-122.089807
62,W06201,TSHE,22,17,1732,1935,1732,44.970821,-122.197489
62,W06202,TSHE,52,16,1732,1920,1732,44.97092,-122.19756
62,W06203,PSME,50,31,1722,1978,1722,44.97054,-122.19683
62,W06204,PSME,25,17,1718,1902,1718,44.97054,-122.1969
62,W06205,PSME,55,30,1713,1920,1713,44.97045,-122.19706
62,W06206,PSME,26,22,1709,1949,1709,44.970463,-122.195451
62,W06207,TSHE,36,17,1715,1948,1715,44.970441,-122.195599
62,W06208,PSME,63,16,1677,1814,1677,44.970756,-122.19683
62,W06209,PSME,12,33,1707,1901,1707,44.971096,-122.195482
62,W06210,PSME,19,17,1712,1966,1712,44.971115,-122.195418
62,W06211,PSME,32,33,1709,1906,1709,44.971059,-122.195409
62,W06212,PSME,35,27,1714,1874,1714,44.971488,-122.195375
62,W06213,PSME,43,27,1718,1929,1718,44.971101,-122.195601
62,W06214,PSME,65,25,1715,1912,1715,44.970947,-122.195432
62,W06215,PSME,42,38,1710,1898,1710,44.970939,-122.195341
62,W06216,PSME,75,30,1666,1825,1666,44.970969,-122.195703
62,W06217,PSME,41,21,1714,1835,1714,44.970445,-122.195461
62,W06218,PSME,14,7,1713,1941,1713,44.970468,-122.195549
64,W06401,PSME,41,NA,NA,1967,1732,44.907401,-122.190431
64,W06402,PSME,49,28,1711,1828,1711,44.907332,-122.190961
64,W06403,PSME,47,12,1709,1894,1709,44.907418,-122.19116
64,W06404,PSME,21,26,1705,1901,1705,44.907067,-122.191233
64,W06405,PSME,41,14,1712,1875,1712,44.907306,-122.191574
64,W06406,PSME,56,25,1706,1901,1706,44.907611,-122.191392
64,W06407,PSME,47,25,1709,1914,1709,44.907636,-122.191481
64,W06408,PSME,51,34,1705,1865,1705,44.90782,-122.19081
64,W06409,PSME,18,24,1705,1879,1705,44.907454,-122.190956
64,W06410,PSME,42,24,1715,2020,1715,44.907245,-122.190372
64,W06411,PSME,49,19,1723,1991,1723,44.907418,-122.190334
64,W06412,PSME,62,29,1719,1877,1719,44.907393,-122.190203
64,W06413,PSME,53,34,1714,1883,1714,44.907616,-122.190357
64,W06414,PSME,65,26,1713,1921,1713,44.908079,-122.19056
64,W06415,PSME,39,17,1717,1976,1717,44.908153,-122.190499
64,W06416,PSME,54,33,1714,1994,1714,44.907384,-122.18927
64,W06417,TSHE,25,15,1711,1900,1711,44.90782,-122.19107
64,W06418,TSHE,40,22,1715,1885,1715,44.9078,-122.1913
68,W06801A,PSME,25,13,1522,1757,1522,44.61689,-121.99081
68,W06801B,PSME,25,NA,NA,1951,1698,44.61689,-121.99081
68,W06802A,PSME,42,NA,NA,1887,1647,44.61685,-121.99098
68,W06802B,PSME,42,NA,NA,1935,1661,44.61685,-121.99098
68,W06803,PSME,NA,45,1501,1696,1501,44.6173,-121.9905
68,W06804,PSME,34,12,1514,1928,1514,44.61739,-121.99073
68,W06805,PSME,30,7,1520,1695,1520,44.61753,-121.99117
68,W06806,PSME,45,18,1487,1719,1487,44.61747,-121.99124
68,W06806,PSME,45,18,1487,1719,1487,44.61747,-121.99124
68,W06807,PSME,48,9,1490,1569,1490,44.61761,-121.99124
68,W06808,PSME,45,23,1501,1915,1501,44.61723,-121.99129
68,W06809,PSME,37,,1536,1964,1536,44.617,-121.99106
68,W06811,PSME,50,29,1504,1742,1504,44.61665,-121.99017
68,W06812A,PSME,34,20,1503,1808,1503,44.61684,-121.98961
68,W06812B,PSME,34,28,NA,1962,1580,44.61684,-121.98961
68,W06813,PSME,51,14,1495,1863,1495,44.61698,-121.98947
68,W06814,PSME,16,5,1512,1690,1512,44.61693,-121.98935
68,W06815,PSME,46,9,1512,1830,1512,44.61687,-121.98923
68,W06816,TSHE,57,12,1521,1807,1521,44.61686,-121.9892
68,W06817,PSME,52,18,1524,1693,1524,44.61692,-121.9892
71,W07101,PSME,35,11,1806,2020,1806,44.68776,-122.03046
71,W07102,PSME,32,9,1644,2020,1644,44.687997,-122.030282
71,W07103,PSME,45,11,1644,2020,1644,44.6881,-122.03007
71,W07104,PSME,48,11,1640,2020,1640,44.688123,-122.029892
71,W07105,PSME,60,11,1720,2020,1720,44.6884,-122.0304
71,W07106,PSME,43,11,1657,1835,1657,44.688157,-122.03105
71,W07107,PSME,70,10,1714,2020,1714,44.68863,-122.03037
71,W07108,PSME,22,11,1804,2020,1804,44.688348,-122.03156
71,W07109,PSME,50,17,1721,2020,1721,44.68859,-122.03137
71,W07110,PSME,23,19,1703,2020,1703,44.688417,-122.031618
71,W07111,PSME,40,16,1644,2020,1644,44.68853,-122.0312
71,W07112,PSME,7,16,1703,2020,1703,44.688479,-122.031647
71,W07113,PSME,50,18,1805,2020,1805,44.68858,-122.03162
71,W07114,PSME,29,11,1804,2020,1804,44.688299,-122.03195
71,W07115,PSME,45,15,1708,2020,1708,44.684,-122.03186
71,W07116,PSME,30,10,1719,2020,1719,44.68819,-122.03225
71,W07117,PSME,30,20,1710,2020,1710,44.68794,-122.0323
72,W07201,PSME,38,NA,NA,1555,1240,44.65845,-121.90819
72,W07202,PSME,63,17,1179,1680,1179,44.6583,-121.90832
72,W07203,PSME,31,34,1648,1870,1648,44.65864,-121.9077
72,W07204,PSME,56,17,1649,1961,1649,44.65874,-121.90774
72,W07205,PSME,27,28,1648,1983,1648,44.65868,-121.90762
72,W07206,PSME,20,20,1648,1930,1648,44.65882,-121.90762
72,W07207,PSME,18,28,1646,1854,1646,44.65886,-121.90753
72,W07208,PSME,28,40,1650,1978,1650,44.6589,-121.90768
72,W07209,PSME,52,17,1654,1904,1654,44.65916,-121.90728
72,W07210,PSME,48,21,1653,1914,1653,44.65922,-121.90729
72,W07211,PSME,39,21,1659,1795,1659,44.65919,-121.90751
72,W07212,PSME,41,,1663,1888,1663,44.65915,-121.90723
72,W07213,PSME,43,26,1651,1877,1651,44.65932,-121.90587
72,W07215,TSHE,52,26,1171,1410,1171,44.65947,-121.90571
72,W07216,PSME,60,19,1652,1982,1655,44.65954,-121.90569
72,W07218,PSME,38,22,1648,1936,1648,44.6587,-121.90782
81,W08101,PSME,48,17,1642,1900,1642,44.14298,-122.0331
81,W08102,PSME,35,20,1639,1902,1639,44.14308,-122.03327
81,W08103,PSME,26,33,1653,1922,1657,44.1431,-122.03342
81,W08104,PSME,31,12,1658,1908,1658,44.14316,-122.03354
81,W08105,PSME,61,39,NA,1885,1679,44.14331,-122.03355
81,W08106,PSME,78,31,1660,1876,1663,44.14391,-122.03413
81,W08107,PSME,43,11,1667,1862,1667,44.14392,-122.03278
81,W08108A,PSME,68,13,1665,1847,1665,44.14436,-122.03276
81,W08108B,PSME,68,15,NA,1934,1828,44.14436,-122.03276
81,W08109,PSME,48,22,1663,1727,1663,44.14414,-122.03292
81,W08110,PSME,46,21,1644,1869,1644,44.14443,-122.03289
81,W08111,PSME,59,11,1659,1904,1659,44.14526,-122.03191
81,W08112,PSME,30,NA,NA,1971,1710,44.14555,-122.03159
81,W08113,PSME,65,15,1664,1868,1664,44.14535,-122.0314
81,W08114,PSME,73,27,1653,1867,1660,44.14528,-122.0313
81,W08115,PSME,39,10,1663,1914,1663,44.14553,-122.0313
81,W08116,PSME,71,8,1651,1917,1651,44.14571,-122.03166
81,W08117A,PSME,NA,8,1660,1891,1660,44.14562,-122.03155
81,W08117B,PSME,NA,NA,NA,1723,1654,44.14562,-122.03155
82,W08201,PSME,36,14.3,1749,1914,1749,43.962224,-122.074638
82,W08202,PSME,33,19.4,1794,1920,1794,43.9621,-122.07531
82,W08203,PSME,28,27.4,1787,1917,1787,43.96233,-122.07536
82,W08204,PSME,55,35,1778,1915,1778,43.962608,-122.075367
82,W08205,PSME,61,18,1742,1883,1742,43.96269,-122.075789
82,W08206A,PSME,13,19,1790,1916,1790,43.962479,-122.075826
82,W08206B,PSME,NA,35.4,NA,1937,1828,43.962479,-122.075826
82,W08207,PSME,23,25,1747,1905,1747,43.963048,-122.075842
82,W08208A,PSME,25,13.6,1641,1839,1641,43.963055,-122.074759
82,W08208B,PSME,NA,39.9,NA,1890,1750,43.963055,-122.074759
82,W08209,PSME,20,15.1,1643,1903,1643,43.962912,-122.074653
82,W08210,PSME,20,12.2,1627,1886,1627,43.96293,-122.07528
82,W08211,PSME,18,19.1,1643,1863,1643,43.96288,-122.07526
82,W08212,PSME,NA,14,NA,1925,1705,43.96265,-122.07507
82,W08214,PSME,22,18.5,1642,1923,1642,43.962894,-122.074624
82,W08215A,PSME,36,16.7,1640,1899,1640,43.962943,-122.074572
82,W08215B,PSME,NA,31.1,NA,1908,1686,43.962943,-122.074572
82,W08216,PSME,21,12.4,1747,1918,1747,43.96226,-122.07546
82,W08217,PSME,32,13.7,1746,1920,1746,43.96228,-122.07552
82,W08218A,PSME,NA,16.7,1754,1925,1754,43.96161,-122.07504
82,W08218B,PSME,10,28,NA,1912,1811,43.96161,-122.07504
83,W08301,PSME,105,20,1539,1909,1543,43.918704,-122.032645
83,W08302,PSME,67,26,1509,1781,1509,43.918543,-122.032824
83,W08303,PSME,68,17,1539,1905,1539,43.91884,-122.03273
83,W08304,PSME,37,11,1542,1853,1542,43.91874,-122.03291
83,W08305,PSME,35,34,1508,1894,1508,43.91856,-122.03296
83,W08306,PSME,36,NA,NA,1945,1606,43.918438,-122.032854
83,W08307,PSME,13,5,1532,1933,1532,43.918274,-122.03293
83,W08308,PSME,28,26,1537,1913,1537,43.91846,-122.03307
83,W08309,PSME,28,16,1549,1896,1549,43.91835,-122.03235
83,W08310,PSME,52,13,1549,1935,1549,43.91793,-122.03229
83,W08311,PSME,10,22,1536,1943,1536,43.919776,-122.031913
83,W08312,PSME,67,NA,NA,1908,1604,43.918721,-122.032271
83,W08313,PSME,33,8,1541,1927,1541,43.918624,-122.032176
83,W08314,PSME,65,11,1554,1891,1554,43.918611,-122.032332
83,W08315,PSME,42,14,1551,1888,1551,43.91841,-122.03248
83,W08316,PSME,28,17,1538,1937,1541,43.91808,-122.03259
83,W08317,PSME,53,9,1549,1904,1549,43.91804,-122.03294
84,W08401,PSME,38,31,1835,1952,1835,44.28887,-122.24091
84,W08402,PSME,35,NA,NA,1587,1202,44.28884,-122.24104
84,W08403,PSME,35,37,1832,1938,1832,44.28883,-122.24104
84,W08404,PSME,56,26,1836,1920,1836,44.288911,-122.241162
84,W08405,PSME,61,32,1869,1963,1869,44.28886,-122.24116
84,W08406,PSME,35,26,1833,1909,1833,44.28894,-122.24121
84,W08407,PSME,55,29,1834,1936,1834,44.28885,-122.24147
84,W08408,PSME,35,26,1837,1931,1837,44.2889,-122.241504
84,W08409,PSME,33,26,1832,1920,1832,44.2888,-122.24147
84,W08410,PSME,37,25,1832,1924,1832,44.288803,-122.241529
84,W08411,PSME,61,23,1836,1945,1836,44.28901,-122.24159
84,W08412,PSME,92,NA,NA,1968,1893,44.28891,-122.2418
84,W08413,PSME,26,15,1842,1950,1842,44.28897,-122.24185
84,W08414,PSME,20,NA,NA,1954,1855,44.28896,-122.24192
84,W08415,PSME,10,25,1844,1952,1844,44.28889,-122.242
84,W08416,PSME,49,29,1836,1932,1839,44.2893,-122.24125
84,W08417,PSME,23,30,1834,1899,1834,44.28941,-122.24102
85,W08502,TSHE,25,NA,NA,1983,1798,44.34058,-122.15936
85,W08504,TSHE,29,8,1769,1903,1769,44.34064,-122.15936
85,W08505,TSHE,33,11,1705,1909,1705,44.34069,-122.15929
85,W08506,PIMO,53,11,1817,1962,1817,44.34066,-122.15916
85,W08507,TSHE,23,12,1781,1903,1781,44.34057,-122.1592
85,W08509,TSHE,37,14,1787,1935,1787,44.34058,-122.15898
85,W08510,TSHE,39,13,1772,1903,1772,44.34051,-122.15893
85,W08512A,UNKN,61,NA,NA,1965,1794,44.34016,-122.15897
85,W08512B,UNKN,61,NA,NA,1967,1797,44.34016,-122.15897
85,W08515,UNKN,50,NA,NA,1971,1854,44.33998,-122.15885
86,W08601,PSME,10,11,1861,1979,1861,44.2346,-122.0034
86,W08602,PSME,15,22,1848,1983,1848,44.23447,-122.0035
86,W08603,PSME,20,19,1821,1952,1821,44.23467,-122.00341
86,W08604,PSME,29,13,1827,1960,1827,44.23473,-122.00346
86,W08605,PSME,28,12,1815,1977,1815,44.23501,-122.00333
86,W08606,PSME,27,22,1830,1958,1830,44.23503,-122.0035
86,W08607,PSME,31,25,NA,1978,1915,44.23503,-122.0035
86,W08608,PSME,19,6,1793,1942,1793,44.23495,-122.00305
86,W08609,PSME,39,14,1827,1953,1827,44.2349,-122.0028
86,W08610,PSME,18,14,1810,1945,1810,44.23476,-122.00294
86,W08611,PSME,39,15,1845,1958,1845,44.23458,-122.00278
86,W08612,PSME,16,10,1862,1977,1862,44.23446,-122.00298
86,W08613,PSME,11,8,1842,1989,1842,44.23442,-122.00268
86,W08614,PSME,10,5,1843,1952,1843,44.23436,-122.00269
86,W08615,PSME,9,8,1844,1987,1844,44.23434,-122.00239
86,W08616,PSME,14,13,1844,1987,1844,44.23462,-122.00232
86,W08617,PSME,34,12,1811,1944,1811,44.23511,-122.00344
86,W08618,PSME,60,14,1767,1978,1764,44.233202,-121.998544
86,W08619,PSME,30,17,1766,1967,1766,44.232995,-121.999029
86,W08620,PSME,50,17,1765,1965,1765,44.233062,-121.998164
86,W08621,PSME,40,18,1768,1966,1768,44.233695,-121.998855
86,W08622,PSME,35,20,1761,1966,1761,44.233695,-121.998855
86,W08623,PSME,40,17,1713,1939,1713,44.233062,-121.998164
86,W08624,PSME,55,23,1759,1844,1759,44.233062,-121.998164
87,W08701,PSME,45,17,1545,1914,1547,44.36883,-122.36552
87,W08702,PSME,54,28,1550,1895,1550,44.36877,-122.36566
87,W08703,PSME,47,32,1529,1895,1529,44.36876,-122.36519
87,W08704,PSME,66,32,1531,1861,1531,44.36889,-122.36501
87,W08705,PSME,58,20,1531,1814,1531,44.36888,-122.36486
87,W08706,PSME,15,24,1544,1900,1544,44.369,-122.36487
87,W08707,PSME,52,NA,NA,1849,1599,44.36905,-122.36467
87,W08708,PSME,64,29,1548,1896,1548,44.36915,-122.36469
87,W08709,PSME,51,27,1537,1634,1539,44.36918,-122.36436
87,W08710,PSME,31,20,1534,1625,1534,44.36922,-122.36446
87,W08711,PSME,100,NA,NA,1931,1756,44.36911,-122.36947
87,W08712,PSME,12,23,1526,1691,1526,44.36898,-122.36501
87,W08713,PSME,8,27,1530,1747,1530,44.36892,-122.36528
87,W08714,PSME,20,26,1545,1902,1545,44.36874,-122.36563
87,W08715,PSME,45,22,1544,1782,1544,44.36876,-122.36568
87,W08716,PSME,38,32,1546,1879,1546,44.36886,-122.36579
87,W08717,PSME,42,34,1537,1675,1537,44.36906,-122.36474
87,W08718,PSME,58,34,1551,1854,1551,44.36905,-122.36456
87,W08719,PSME,18,29,1546,1757,1546,44.36905,-122.36449
88,W08801A,PSME,45,40,1582,1877,1582,44.482386,-122.155532
88,W08801B,PSME,45,18,NA,1896,1640,44.482386,-122.155532
88,W08802,PSME,40,33,1587,1820,1587,44.48231,-122.15511
88,W08803A,PSME,43,24,1574,1930,1574,44.481925,-122.155197
88,W08803B,PSME,43,29,NA,1832,1611,44.481925,-122.155197
88,W08804,PSME,63,37,1584,1894,1584,44.48211,-122.15481
88,W08805,PSME,30,9,1580,1908,1580,44.482161,-122.154317
88,W08806,PSME,43,31,NA,1948,1611,44.48214,-122.15485
88,W08807,PSME,25,9,1581,1867,1581,44.482284,-122.154498
88,W08809,PSME,55,26,1583,1921,1583,44.482193,-122.154777
88,W08810,PSME,45,33,1579,1910,1579,44.48211,-122.15458
88,W08811,TSHE,20,17,1593,1822,1593,44.48234,-122.1553
88,W08812,PSME,55,12,1578,1926,1578,44.48232,-122.15446
88,W08813,PSME,65,43,1588,1761,1588,44.48218,-122.15527
88,W08814,PSME,60,20,1580,1912,1580,44.48239,-122.15434
88,W08815,PSME,42,21,1581,1882,1581,44.48217,-122.1554
88,W08816,PSME,30,15,1582,1900,1582,44.48253,-122.15423
89,W08901,PSME,20,38,1587,1826,1587,44.42895,-122.16433
89,W08902,PSME,55,21,1585,1970,1590,44.42893,-122.16405
89,W08903,TSHE,30,13,1728,1947,1728,44.42887,-122.16419
89,W08904,PSME,75,21,1581,1857,1581,44.42909,-122.16468
89,W08905,PSME,44,17,1581,1900,1581,44.429,-122.16482
89,W08906,PSME,38,14,1588,1799,1588,44.42916,-122.1647
89,W08907,PSME,99,17,1582,1850,1586,44.42928,-122.16476
89,W08908,PSME,21,,1544,1924,1546,44.42974,-122.16406
89,W08909,PSME,31,14,1568,1844,1568,44.4299,-122.16425
89,W08910,PSME,16,24,1586,1928,1591,44.42966,-122.16416
89,W08911,PSME,13,16,1582,1963,1587,44.42963,-122.16411
89,W08912A,PSME,25,20,1588,1836,1588,44.42947,-122.16405
89,W08912B,PSME,25,NA,NA,1832,1639,44.42947,-122.16405
89,W08913,TSHE,32,8,1730,1921,1730,44.42945,-122.16435
89,W08914,PSME,20,24,1579,1930,1579,44.42975,-122.16463
89,W08915A,PSME,24,19,1560,1675,1560,44.42954,-122.16464
89,W08915B,PSME,24,NA,NA,1839,1613,44.42954,-122.16464
89,W08916,PSME,28,16,1731,1906,1747,44.4292,-122.16336
89,W08917,PSME,55,15,1726,1869,1726,44.42909,-122.16333
89,W08918,PSME,43,20,1589,1930,1589,44.42921,-122.16438
90,W09001,PSME,70,28,1528,1812,1528,44.57343,-122.13255
90,W09002,PSME,7,49,NA,1973,1545,44.57343,-122.13254
90,W09003,TSHE,30,10,1548,1954,1548,44.573574,-122.132789
90,W09004,PSME,35,21,1548,1885,1548,44.573535,-122.13243
90,W09005,TSHE,30,6,1570,1802,1575,44.573592,-122.1322
90,W09006,TSHE,42,9,1581,1764,1584,44.573508,-122.132073
90,W09007,PSME,40,17,1538,1950,1538,44.573534,-122.132001
90,W09008,TSHE,13,4,1560,1817,1560,44.573492,-122.132013
90,W09009,PSME,18,28,1536,1934,1536,44.573605,-122.131946
90,W09010,PSME,40,39,1525,1814,1525,44.57379,-122.131754
90,W09011,PSME,55,27,1533,1953,1533,44.573364,-122.131707
90,W09012,TSHE,29,8,1529,1831,1529,44.573592,-122.131665
90,W09013,THPL,50,18,NA,1961,1628,44.573563,-122.131657
90,W09014,TSHE,10,7,NA,1876,1641,44.573844,-122.131848
90,W09015,PSME,23,29,1525,1695,1525,44.573672,-122.13159
91,W09101,PSME,30,13,1689,1903,1689,44.30063,-122.32772
91,W09102,PSME,NA,10,NA,1908,1240,44.30054,-122.32766
91,W09104,PSME,NA,72,1174,1562,1177,44.30001,-122.32809
91,W09105,PSME,90,42,1188,1862,1188,44.30115,-122.32716
91,W09106,PSME,NA,17,NA,1682,1254,44.30098,-122.32701
91,W09107,THPL,66,14,1705,1970,1705,44.301,-122.32697
91,W09108,PSME,81,45,1190,1875,1190,44.30094,-122.3269
91,W09109A,PSME,58,8,NA,1714,1396,44.30091,-122.32716
91,W09109B,PSME,58,42,1191,1604,1193,44.30091,-122.32716
91,W09110,PSME,49,18,1685,1935,1685,44.30076,-122.3274
91,W09111,PSME,34,8,1686,1936,1686,44.30027,-122.32834
91,W09112,PSME,80,7,NA,1915,1510,44.30002,-122.32822
91,W09113A,PSME,8,38,1185,1852,1185,44.3,-122.32819
91,W09113B,PSME,8,6,NA,1888,1349,44.3,-122.32819
91,W09114,PSME,50,7,1689,1937,1689,44.301,-122.32851
91,W09115,PSME,75,11,1693,1922,1693,44.30097,-122.32854
91,W09116,THPL,NA,14,1232,1973,1232,44.30082,-122.32995
91,W09117,PSME,48,7,NA,1870,1421,44.3007,-122.32941
91,W09118,PSME,55,56,1185,1753,1186,44.298061,-122.330285
91,W09119,PSME,55,54,1188,1846,1190,44.298166,-122.331409
92,W09201,PSME,65,21,1298,1930,1298,44.538558,-122.082065
92,W09202,PSME,41,NA,NA,1507,1320,44.538611,-122.082235
92,W09203A,PSME,28,31,1296,1953,1296,44.538671,-122.082075
92,W09203B,PSME,28,NA,NA,1776,1359,44.538671,-122.082075
92,W09204,PSME,18,23,1294,1890,1294,44.538594,-122.082311
92,W09205,PSME,45,17,1285,1870,1285,44.538364,-122.082241
92,W09206A,PSME,55,25,1293,1741,1293,44.538515,-122.081317
92,W09206B,PSME,55,NA,NA,1765,1352,44.538515,-122.081317
92,W09207,PSME,35,21,1291,1838,1291,44.538081,-122.082628
92,W09208,PSME,46,11,1774,1928,1774,44.537946,-122.082542
92,W09209,PSME,63,21,1297,1791,1297,44.538345,-122.082785
92,W09210,PSME,78,25,1594,1917,1594,44.538362,-122.08292
92,W09211,PSME,51,22,1289,1853,1289,44.538296,-122.082927
92,W09212,PSME,55,25,1293,1802,1293,44.538536,-122.082535
92,W09213,PSME,107,22,1295,1898,1295,44.538529,-122.082534
92,W09214,PSME,15,15,1296,1615,1296,44.538628,-122.08264
92,W09215,PSME,9,17,1294,1829,1294,44.538615,-122.082663
92,W09216,PSME,40,19,1292,1919,1292,44.538559,-122.082609
93,W09301,PSME,50,NA,NA,1957,1430,44.36163,-122.23601
93,W09301,PSME,50,NA,NA,1870,1714,44.36163,-122.23601
93,W09302,PSME,75,NA,NA,1785,1281,44.36155,-122.23596
93,W09303,PSME,24,13,1849,1982,1849,44.36164,-122.23586
93,W09304,PSME,47,11,1855,1983,1855,44.3615,-122.23573
93,W09305,PSME,95,46,1197,1416,1199,44.36136,-122.23651
93,W09306,PSME,20,26,1768,1984,1768,44.36125,-122.23703
93,W09307,PSME,36,22,1772,1937,1772,44.36122,-122.23689
93,W09308,PSME,38,24,1770,1964,1770,44.36115,-122.23732
93,W09309,PSME,45,36,1770,1971,1770,44.36103,-122.23685
93,W09310,PSME,41,22,1768,1937,1768,44.36124,-122.23753
93,W09311,PSME,61,30,1771,1959,1771,44.36124,-122.23748
93,W09312,PSME,72,23,1773,1955,1773,44.36128,-122.23746
93,W09313,PSME,79,25,1769,1982,1769,44.36128,-122.23734
93,W09314,PSME,37,34,1197,1533,1200,44.36112,-122.23793
93,W09315,PSME,40,23,1773,1971,1773,44.36103,-122.23787
93,W09316,PSME,80,35,1246,1753,1246,44.36092,-122.2379
93,W09317,PSME,39,51,1246,1753,1246,44.36088,-122.23792
93,W09318,PSME,35,33,1772,1949,1774,44.36094,-122.23817
93,W09319,PSME,49,42,1195,1627,1197,44.36101,-122.23837
93,W09320,THPL,112,5,1571,1986,1571,44.36163,-122.23915
93,W09321,PSME,60,22,1772,1971,1772,44.36124,-122.23748
93,W09322,PSME,80,84,1196,1975,1197,44.36099,-122.236797
96,W09602A,PSME,15,23,1516,1590,1516,44.17195,-122.05229
96,W09603,PSME,88,15,NA,2005,1700,44.17203,-122.05209
96,W09604A,PSME,175,19,NA,1821,1703,44.17204,-122.05238
96,W09604B,PSME,175,12,NA,1756,1644,44.17204,-122.05238
96,W09606,TSHE,25,13,1624,1813,1624,44.17253,-122.05373
96,W09607,PSME,17,36,1714,1977,1717,44.17226,-122.05374
96,W09608,PSME,30,13,1711,1904,1711,44.17384,-122.05305
96,W09609,PSME,30,22,1764,1953,1764,44.17438,-122.05349
96,W09610A,PSME,12,15,1770,2017,1770,44.1743,-122.053554
96,W09610C,PSME,12,39,NA,2018,1864,44.1743,-122.053554
96,W09611A,PSME,15,14,NA,1959,1689,44.1762,-122.05816
96,W09611B,PSME,15,11,1530,1616,1530,44.1762,-122.05816
96,W09613,THPL,30,7,1855,2001,1855,44.17607,-122.05811
96,W09614,TSHE,25,15,1819,1934,1819,44.17614,-122.05799
96,W09615,PSME,30,12,1710,1860,1710,44.17643,-122.05821
96,W09616,PSME,60,NA,NA,1686,1610,44.17642,-122.0582
96,W09618,PSME,20,27,1792,2020,1792,44.17613,-122.05798
96,W09619,PSME,15,33,1712,1771,1712,44.17613,-122.05798
96,W09620,PSME,30,11,1712,1914,1712,44.17437,-122.05846
96,W09621,PSME,10,14,1763,1863,1763,44.17612,-122.05799
96,W09622,PSME,15,26,1765,1935,1765,44.17614,-122.05798
96,W09623,PSME,15,25,1765,1898,1765,44.17615,-122.05799
98,W09801,ABGR,45,4,1878,2020,1878,44.1599,-122.25736
98,W09802,ABGR,35,2,1832,2020,1832,44.1598,-122.25754
98,W09803,PSME,40,32,1654,2020,1654,44.15961,-122.25757
98,W09804,ABGR,25,4,1833,2020,1833,44.15989,-122.25765
98,W09805,PSME,60,12,1658,2020,1658,44.16002,-122.25818
98,W09807,ABGR,30,5,1863,2020,1863,44.15987,-122.25747
98,W09808,PSME,42,15,1660,2020,1660,44.16019,-122.25751
98,W09809,PSME,40,19,1788,2020,1789,44.15921,-122.25758
98,W09810A,PSME,45,56,NA,1965,1712,44.15937,-122.25762
98,W09810B,PSME,45,77,NA,1849,1702,44.15937,-122.25762
98,W09812,PSME,45,35,1680,1861,1680,44.15973,-122.25761
98,W09813,ABGR,30,3,1854,2018,1854,44.15972,-122.25747
98,W09814A,PSME,15,27,NA,1919,1787,44.15931,-122.25784
98,W09814B,PSME,15,47,1751,2020,1751,44.15931,-122.25784
98,W09815,PSME,20,18,NA,2020,1730,44.16116,-122.25841
98,W09816A,PSME,40,9,NA,2020,1753,44.16068,-122.25872
98,W09816B,PSME,40,22,1596,2020,1596,44.16068,-122.25872